month,ccaa,operator,power_kW,band,usagecost_original,parsed,reason
2025-09,Galicia,,7.4,AC,,,no_kwh
2025-09,Galicia,,17.0,AC,,,empty
2025-09,Galicia,,3.7,AC,,,empty
2025-09,Galicia,,14.0,AC,,,empty
2025-09,Galicia,,11.0,AC,,,empty
2025-09,Galicia,,24.0,DC,"0,40€/kWh",0.4,ok
2025-09,Galicia,,24.0,DC,"0,40€/kWh",0.4,ok
2025-09,Galicia,,22.0,AC,"0,40€/kWh",0.4,ok
2025-09,Galicia,,50.0,DC,0.47€/kWh ,0.47,ok
2025-09,Galicia,,50.0,DC,0.47€/kWh ,0.47,ok
2025-09,Galicia,,43.0,DC,0.47€/kWh ,0.47,ok
2025-09,Galicia,,7.3,AC,Free,,free
2025-09,Galicia,,3.6,AC,Free,,free
2025-09,Galicia,,3.7,AC,,,empty
2025-09,Galicia,,22.0,AC,"0,40€/kWh",0.4,ok
2025-09,Galicia,,3.7,AC,,,empty
2025-09,Galicia,,11.0,AC,,,no_kwh
2025-09,Galicia,,22.0,AC,,,empty
2025-09,Galicia,,50.0,DC,,,empty
2025-09,Galicia,,22.0,AC,,,empty
2025-09,Galicia,,100.0,DC,"0,54€/kWh ",0.54,ok
2025-09,Galicia,,22.0,AC,,,empty
2025-09,Galicia,,22.0,AC,"0,36€/kWh",0.36,ok
2025-09,Galicia,,22.0,AC," 0,36€/kWh AC",0.36,ok
2025-09,Galicia,,50.0,DC,0.47€/kWh ,0.47,ok
2025-09,Galicia,,50.0,DC,0.47€/kWh ,0.47,ok
2025-09,Galicia,,43.0,DC,0.47€/kWh ,0.47,ok
2025-09,Galicia,,50.0,DC,0.47€/kWh ,0.47,ok
2025-09,Galicia,,50.0,DC,0.47€/kWh ,0.47,ok
2025-09,Galicia,,43.0,DC,0.47€/kWh ,0.47,ok
2025-09,Galicia,,320.0,DC,"0,69€/kWh",0.69,ok
2025-09,Galicia,,50.0,DC,0.47€/kWh ,0.47,ok
2025-09,Galicia,,50.0,DC,0.47€/kWh ,0.47,ok
2025-09,Galicia,,43.0,DC,0.47€/kWh ,0.47,ok
2025-09,Galicia,,22.0,AC,,,empty
2025-09,Galicia,,3.7,AC,,,empty
2025-09,Galicia,,11.0,AC,,,no_kwh
2025-09,Galicia,,50.0,DC,0.44€/kWh ,0.44,ok
2025-09,Galicia,,50.0,DC,0.44€/kWh ,0.44,ok
2025-09,Galicia,,43.0,DC,0.44€/kWh ,0.44,ok
2025-09,Galicia,,50.0,DC,"0,47€/kWh",0.47,ok
2025-09,Galicia,,43.0,DC,"0,47€/kWh",0.47,ok
2025-09,Galicia,,50.0,DC,"0,47€/kWh",0.47,ok
2025-09,Galicia,,150.0,DC,"0,60€/kWh",0.6,ok
2025-09,Galicia,,90.0,DC,"0,50€/kWh DC - 0,15€/kWh AC ",0.5,ok
2025-09,Galicia,,22.0,AC,"0,50€/kWh DC - 0,15€/kWh AC ",0.5,ok
2025-09,Galicia,,50.0,DC,0.47€/kWh ,0.47,ok
2025-09,Galicia,,50.0,DC,0.47€/kWh ,0.47,ok
2025-09,Galicia,,43.0,DC,0.47€/kWh ,0.47,ok
2025-09,Galicia,,120.0,DC,"0,54€/kWh DC - 0,39€/kWh AC",0.54,ok
2025-09,Galicia,,22.0,AC,"0,54€/kWh DC - 0,39€/kWh AC",0.54,ok
2025-09,Galicia,,50.0,DC,"0,45€/kWh DC ",0.45,ok
2025-09,Galicia,,50.0,DC,"0,45€/kWh DC ",0.45,ok
2025-09,Galicia,,150.0,DC,"0,43€/kWh DC - 0,32€/kWh AC",0.43,ok
2025-09,Galicia,,50.0,DC,0.47€/kWh ,0.47,ok
2025-09,Galicia,,50.0,DC,0.47€/kWh ,0.47,ok
2025-09,Galicia,,43.0,DC,0.47€/kWh ,0.47,ok
2025-09,Galicia,,320.0,DC,"0,69€/kWh",0.69,ok
2025-09,Galicia,,11.0,AC,,,no_kwh
2025-09,Galicia,,3.7,AC,,,no_kwh
2025-09,Galicia,,7.4,AC,,,empty
2025-09,Galicia,,60.0,DC,"0,30€/kWh",0.3,ok
2025-09,Galicia,,11.0,AC,"0,30€/kWh + parking fee",0.3,ok
2025-09,Galicia,,50.0,DC,,,no_kwh
2025-09,Galicia,,50.0,DC,,,no_kwh
2025-09,Galicia,,43.0,DC,,,no_kwh
2025-09,Galicia,,60.0,DC,"0,47€/kWh",0.47,ok
2025-09,Galicia,,60.0,DC,"0,30€/kWh",0.3,ok
2025-09,Galicia,,22.0,AC,"0,45€/kWh",0.45,ok
2025-09,Galicia,,50.0,DC,"0,39€/kWh",0.39,ok
2025-09,Galicia,,50.0,DC,"0,39€/kWh",0.39,ok
2025-09,Galicia,,320.0,DC,,,empty
2025-09,Galicia,,22.0,AC,,,empty
2025-09,Galicia,,50.0,DC,,,empty
2025-09,Galicia,,150.0,DC,"0,54€/kWh",0.54,ok
2025-09,Galicia,,22.0,AC,"0,39€/kWh 22kW AC",0.39,ok
2025-09,Galicia,,11.0,AC,,,empty
2025-09,Galicia,,3.7,AC,,,empty
2025-09,Galicia,,50.0,DC,"0,45€/kWh",0.45,ok
2025-09,Galicia,,50.0,DC,"0,45€/kWh",0.45,ok
2025-09,Galicia,,43.0,DC,"0,45€/kWh",0.45,ok
2025-09,Galicia,,22.0,AC,,,no_kwh
2025-09,Galicia,,3.7,AC,,,empty
2025-09,Galicia,,3.7,AC,,,empty
2025-09,Galicia,,50.0,DC," 0,39€/kWh DC - 0,29€/kWh AC",0.39,ok
2025-09,Galicia,,43.0,DC," 0,39€/kWh DC - 0,29€/kWh AC",0.39,ok
2025-09,Galicia,,50.0,DC," 0,39€/kWh DC - 0,29€/kWh AC",0.39,ok
2025-09,Galicia,,50.0,DC,"0,39€/kWh DC - 0,29€/kWh AC",0.39,ok
2025-09,Galicia,,50.0,DC,"0,39€/kWh DC - 0,29€/kWh AC",0.39,ok
2025-09,Galicia,,43.0,DC,"0,39€/kWh DC - 0,29€/kWh AC",0.39,ok
2025-09,Galicia,,50.0,DC,"0,49€/kWh DC - 0,40€/kWh AC",0.49,ok
2025-09,Galicia,,22.0,AC,"0,49€/kWh DC - 0,40€/kWh AC",0.49,ok
2025-09,Galicia,,50.0,DC,"0,49€/kWh DC - 0,40€/kWh AC",0.49,ok
2025-09,Galicia,,60.0,DC,"0,30€/kWh",0.3,ok
2025-09,Galicia,,7.4,AC,,,empty
2025-09,Galicia,,50.0,DC,"0,45€/kWh",0.45,ok
2025-09,Galicia,,50.0,DC,"0,45€/kWh",0.45,ok
2025-09,Galicia,,43.0,DC,"0,45€/kWh",0.45,ok
2025-09,Galicia,,7.4,AC,"0,38€/kWh + parking fee",0.38,ok
2025-09,Galicia,,150.0,DC,"0,59€/kWh DC - 0,39€/kWh AC ",0.59,ok
2025-09,Galicia,,22.0,AC,"0,25€/kWh",0.25,ok
2025-09,Galicia,,22.0,AC,,,no_kwh
2025-09,Galicia,,50.0,DC,0.47€/kWh ,0.47,ok
2025-09,Galicia,,50.0,DC,0.47€/kWh ,0.47,ok
2025-09,Galicia,,43.0,DC,0.47€/kWh ,0.47,ok
2025-09,Galicia,,11.0,AC,,,empty
2025-09,Galicia,,22.0,AC,,,empty
2025-09,Galicia,,150.0,DC," 0,55€/kWh DC ",0.55,ok
2025-09,Galicia,,3.7,AC,,,empty
2025-09,Galicia,,50.0,DC,0.47€/kWh ,0.47,ok
2025-09,Galicia,,50.0,DC,0.47€/kWh ,0.47,ok
2025-09,Galicia,,43.0,DC,0.47€/kWh ,0.47,ok
2025-09,Galicia,,60.0,DC,"0,30 €/kWh",0.3,ok
2025-09,Galicia,,3.7,AC,,,empty
2025-09,Galicia,,50.0,DC,"0,45€/kWh",0.45,ok
2025-09,Galicia,,22.0,AC,"0,25€/kWh",0.25,ok
2025-09,Galicia,,60.0,DC,"0,30€/kWh",0.3,ok
2025-09,Galicia,,22.0,AC,,,empty
2025-09,Galicia,,22.0,AC,"0,35€/kWh",0.35,ok
2025-09,Galicia,,150.0,DC,"0,60€/kWh",0.6,ok
2025-09,Galicia,,50.0,DC,"0,47€/kWh",0.47,ok
2025-09,Galicia,,50.0,DC,"0,47€/kWh",0.47,ok
2025-09,Galicia,,43.0,DC,"0,47€/kWh",0.47,ok
2025-09,Galicia,,50.0,DC,"0,45€/kWh",0.45,ok
2025-09,Galicia,,50.0,DC,"0,45€/kWh",0.45,ok
2025-09,Galicia,,43.0,DC,"0,45€/kWh",0.45,ok
2025-09,Galicia,,22.0,AC,"0,42€/kWh",0.42,ok
2025-09,Galicia,,22.0,AC,,,empty
2025-09,Galicia,,3.7,AC,,,empty
2025-09,Galicia,,22.0,AC,,,empty
2025-09,Galicia,,22.0,AC,,,empty
2025-09,Galicia,,50.0,DC,0.47€/kWh ,0.47,ok
2025-09,Galicia,,50.0,DC,0.47€/kWh ,0.47,ok
2025-09,Galicia,,43.0,DC,0.47€/kWh ,0.47,ok
2025-09,Galicia,,100.0,DC,"0,54€/kWh ",0.54,ok
2025-09,Galicia,,3.7,AC,,,empty
2025-09,Galicia,,100.0,DC,"0,54€/kWh -  0,39€/kWh 22kW AC",0.54,ok
2025-09,Galicia,,22.0,AC,"0,54€/kWh -  0,39€/kWh 22kW AC",0.54,ok
2025-09,Galicia,,60.0,DC,0.52€/kWh DC - 0.47€/kWh AC,0.52,ok
2025-09,Galicia,,60.0,DC,0.52€/kWh DC - 0.47€/kWh AC,0.52,ok
2025-09,Galicia,,7.4,AC,0.52€/kWh DC - 0.47€/kWh AC,0.52,ok
2025-09,Galicia,,150.0,DC,0.52€/kWh DC - 0.47€/kWh AC,0.52,ok
2025-09,Galicia,,50.0,DC,0.47€/kWh ,0.47,ok
2025-09,Galicia,,50.0,DC,0.47€/kWh ,0.47,ok
2025-09,Galicia,,43.0,DC,0.47€/kWh ,0.47,ok
2025-09,Galicia,,50.0,DC,"0,45€/kWh",0.45,ok
2025-09,Galicia,,50.0,DC,"0,45€/kWh",0.45,ok
2025-09,Galicia,,43.0,DC,"0,45€/kWh",0.45,ok
2025-09,Galicia,,22.0,AC,,,no_kwh
2025-09,Galicia,,22.0,AC,"0,25€/kWh",0.25,ok
2025-09,Galicia,,22.0,AC,"0,39€/kWh",0.39,ok
2025-09,Galicia,,60.0,DC,"0,40€/kWh",0.4,ok
2025-09,Galicia,,3.7,AC,,,empty
2025-09,Galicia,,3.7,AC,,,empty
2025-09,Galicia,,7.4,AC,,,empty
2025-09,Galicia,,22.0,AC,"0,25€/kWh",0.25,ok
2025-09,Galicia,,22.0,AC,"0,30€/kWh",0.3,ok
2025-09,Galicia,,22.0,AC,"0,39€/kWh",0.39,ok
2025-09,Galicia,,22.0,AC,,,empty
2025-09,Galicia,,22.0,AC,"0,39€/kWh",0.39,ok
2025-09,Galicia,,150.0,DC,"0,69€/kWh",0.69,ok
2025-09,Galicia,,50.0,DC,"0,49 €/kWh DC",0.49,ok
2025-09,Galicia,,11.0,AC,"0,39€/kWh",0.39,ok
2025-09,Galicia,,3.7,AC,,,no_kwh
2025-09,Galicia,,3.7,AC,,,no_kwh
2025-09,Galicia,,7.4,AC,,,empty
2025-09,Galicia,,50.0,DC,0.47€/kWh ,0.47,ok
2025-09,Galicia,,43.0,DC,0.47€/kWh ,0.47,ok
2025-09,Galicia,,3.7,AC,,,empty
2025-09,Galicia,,3.7,AC,,,empty
2025-09,Galicia,,3.7,AC,,,empty
2025-09,Galicia,,22.0,AC,,,empty
2025-09,Galicia,,22.0,AC,,,empty
2025-09,Galicia,,3.7,AC,,,empty
2025-09,Galicia,,22.0,AC,,,empty
2025-09,Galicia,,22.0,AC,,,empty
2025-09,Galicia,,22.0,AC,,,empty
2025-09,Galicia,,22.0,AC,"0,39€/kWh",0.39,ok
2025-09,Galicia,,22.0,AC,"0,50€/kWh",0.5,ok
2025-09,Galicia,,50.0,DC,"0,47€/kWh",0.47,ok
2025-09,Galicia,,50.0,DC,"0,47€/kWh",0.47,ok
2025-09,Galicia,,43.0,DC,"0,47€/kWh",0.47,ok
2025-09,Galicia,,22.0,AC,"0,25€/kWh",0.25,ok
2025-09,Galicia,,50.0,DC,"0,50€/kWh DC - 0,45€/kWh AC",0.5,ok
2025-09,Galicia,,50.0,DC,"0,50€/kWh DC - 0,45€/kWh AC",0.5,ok
2025-09,Galicia,,22.0,AC,"0,50€/kWh DC - 0,45€/kWh AC",0.5,ok
2025-09,Galicia,,22.0,AC,,,no_kwh
2025-09,Galicia,,22.0,AC,"0,42€/kWh",0.42,ok
2025-09,Galicia,,3.7,AC,,,empty
2025-09,Galicia,,11.0,AC,,,no_kwh
2025-09,Galicia,,50.0,DC," 0,39€/kWh DC - 0,29€/kWh AC",0.39,ok
2025-09,Galicia,,43.0,DC," 0,39€/kWh DC - 0,29€/kWh AC",0.39,ok
2025-09,Galicia,,50.0,DC," 0,39€/kWh DC - 0,29€/kWh AC",0.39,ok
2025-09,Galicia,,3.7,AC,,,empty
2025-09,Galicia,,3.0,AC,,,no_kwh
2025-09,Galicia,,150.0,DC,"0.50€/kWh >60kW - 0,39€/kWh DC - 0,32€/kWh AC",0.5,ok
2025-09,Galicia,,50.0,DC,"0.50€/kWh >60kW - 0,39€/kWh DC - 0,32€/kWh AC",0.5,ok
2025-09,Galicia,,22.0,AC,"0.50€/kWh >60kW - 0,39€/kWh DC - 0,32€/kWh AC",0.5,ok
2025-09,Galicia,,22.0,AC,"0,25€/kWh",0.25,ok
2025-09,Galicia,,22.0,AC,"0,36€/kWh 22kW AC ",0.36,ok
2025-09,Galicia,,50.0,DC,"0,45€/kWh",0.45,ok
2025-09,Galicia,,50.0,DC,"0,45€/kWh",0.45,ok
2025-09,Galicia,,43.0,DC,"0,45€/kWh",0.45,ok
2025-09,Galicia,,50.0,DC,"0,49€/kWh DC - 0,39€/kWh AC",0.49,ok
2025-09,Galicia,,50.0,DC,"0,49€/kWh DC - 0,39€/kWh AC",0.49,ok
2025-09,Galicia,,43.0,DC,"0,49€/kWh DC - 0,39€/kWh AC",0.49,ok
2025-09,Galicia,,50.0,DC," 0,47€/kWh",0.47,ok
2025-09,Galicia,,43.0,DC," 0,47€/kWh",0.47,ok
2025-09,Galicia,,50.0,DC," 0,47€/kWh",0.47,ok
2025-09,Galicia,,60.0,DC,"0,30€/kWh",0.3,ok
2025-09,Galicia,,60.0,DC,0.52€/kWh DC - 0.47€/kWh AC,0.52,ok
2025-09,Galicia,,60.0,DC,0.52€/kWh DC - 0.47€/kWh AC,0.52,ok
2025-09,Galicia,,22.0,AC,"0,49€/kEh + parking fee",,no_kwh
2025-09,Galicia,,3.7,AC,,,empty
2025-09,Galicia,,3.7,AC,,,empty
2025-09,Galicia,,90.0,DC,,,empty
2025-09,Galicia,,2.3,AC,,,no_kwh
2025-09,Galicia,,22.0,AC,,,empty
2025-09,Galicia,,50.0,DC,,,empty
2025-09,Galicia,,50.0,DC,,,empty
2025-09,Galicia,,43.0,DC,,,empty
2025-09,Galicia,,60.0,DC,"0,50€/kWh DC ",0.5,ok
2025-09,Galicia,,7.4,AC,"0,39€/kWh ",0.39,ok
2025-09,Galicia,,100.0,DC,"0.50€/kWh >60kW - 0,39€/kWh DC - 0,32€/kWh AC",0.5,ok
2025-09,Galicia,,50.0,DC,"0.50€/kWh >60kW - 0,39€/kWh DC - 0,32€/kWh AC",0.5,ok
2025-09,Galicia,,22.0,AC,"0.50€/kWh >60kW - 0,39€/kWh DC - 0,32€/kWh AC",0.5,ok
2025-09,Galicia,,400.0,DC,"0,55€/kWh DC ",0.55,ok
2025-09,Galicia,,60.0,DC,"0,54€/kWh DC - 0,36€/kWh AC",0.54,ok
2025-09,Galicia,,22.0,AC,"0,32€/kWh",0.32,ok
2025-09,Galicia,,150.0,DC,"0,60€/kWh DC - 0,43€/kWh AC",0.6,ok
2025-09,Galicia,,22.0,AC,"0,60€/kWh DC - 0,43€/kWh AC",0.6,ok
2025-09,Galicia,,150.0,DC,"0,60€/kWh DC - 0,43€/kWh AC",0.6,ok
2025-09,Galicia,,22.0,AC,"0,60€/kWh DC - 0,43€/kWh AC",0.6,ok
2025-09,Galicia,,50.0,DC,0.47€/kWh ,0.47,ok
2025-09,Galicia,,50.0,DC,0.47€/kWh ,0.47,ok
2025-09,Galicia,,43.0,DC,0.47€/kWh ,0.47,ok
2025-09,Galicia,,150.0,DC,"0.50€/kWh >60kW - 0,39€/kWh DC - 0,32€/kWh AC",0.5,ok
2025-09,Galicia,,180.0,DC,"0,54€/kWh DC - 0,39€/kWh 22kW AC",0.54,ok
2025-09,Galicia,,22.0,AC,"0,54€/kWh DC - 0,39€/kWh 22kW AC",0.54,ok
2025-09,Galicia,,11.0,AC,,,empty
2025-09,Galicia,,120.0,DC,"0,54€/kWh DC",0.54,ok
2025-09,Galicia,,100.0,DC,"0.50€/kWh >60kW - 0,39€/kWh DC - 0,32€/kWh AC",0.5,ok
2025-09,Galicia,,50.0,DC,"0.50€/kWh >60kW - 0,39€/kWh DC - 0,32€/kWh AC",0.5,ok
2025-09,Galicia,,22.0,AC,"0.50€/kWh >60kW - 0,39€/kWh DC - 0,32€/kWh AC",0.5,ok
2025-09,Galicia,,50.0,DC,"0,39€/kWh DC - 0,29€/kWh AC",0.39,ok
2025-09,Galicia,,50.0,DC,"0,39€/kWh DC - 0,29€/kWh AC",0.39,ok
2025-09,Galicia,,43.0,DC,"0,39€/kWh DC - 0,29€/kWh AC",0.39,ok
2025-09,Galicia,,120.0,DC,"0,54€/kWh DC - 0,36€/kWh AC",0.54,ok
2025-09,Galicia,,11.0,AC,,,empty
2025-09,Galicia,,50.0,DC,"0,42€/kWh DC - 0,36€/kWh AC",0.42,ok
2025-09,Galicia,,50.0,DC,"0,42€/kWh DC - 0,36€/kWh AC",0.42,ok
2025-09,Galicia,,22.0,AC,"0,42€/kWh DC - 0,36€/kWh AC",0.42,ok
2025-09,Galicia,,7.4,AC,,,empty
2025-09,Galicia,,3.7,AC,,,empty
2025-09,Galicia,,100.0,DC,"0,54€/kWh ",0.54,ok
2025-09,Galicia,,22.0,AC,"0,35€/kWh",0.35,ok
2025-09,Galicia,,100.0,DC,"0,54€/kWh ",0.54,ok
2025-09,Galicia,,22.0,AC,"0,54€/kWh ",0.54,ok
2025-09,Galicia,,3.6,AC,,,empty
2025-09,Galicia,,100.0,DC,"0.50€/kWh >60kW - 0,39€/kWh DC - 0,32€/kWh AC",0.5,ok
2025-09,Galicia,,50.0,DC,"0.50€/kWh >60kW - 0,39€/kWh DC - 0,32€/kWh AC",0.5,ok
2025-09,Galicia,,22.0,AC,"0.50€/kWh >60kW - 0,39€/kWh DC - 0,32€/kWh AC",0.5,ok
2025-09,Galicia,,22.0,AC,"0,22€/kWh",0.22,ok
2025-09,Galicia,,50.0,DC,0.50€/kWh,0.5,ok
2025-09,Galicia,,50.0,DC,0.50€/kWh,0.5,ok
2025-09,Galicia,,22.0,AC,0.50€/kWh,0.5,ok
2025-09,Galicia,,100.0,DC,"0,54€/kWh DC - 0,36€/kWh AC",0.54,ok
2025-09,Galicia,,300.0,DC,"0,60€/kWh",0.6,ok
2025-09,Galicia,,300.0,DC,"0,60€/kWh",0.6,ok
2025-09,Galicia,,100.0,DC,"0,54€/kWh DC - 0,38€/kWh AC",0.54,ok
2025-09,Galicia,,3.7,AC,,,empty
2025-09,Galicia,,50.0,DC,"0,39€/kWh DC - 0,29€/kWh AC",0.39,ok
2025-09,Galicia,,50.0,DC,"0,39€/kWh DC - 0,29€/kWh AC",0.39,ok
2025-09,Galicia,,43.0,DC,"0,39€/kWh DC - 0,29€/kWh AC",0.39,ok
2025-09,Galicia,,100.0,DC,"0.50€/kWh >60kW - 0,39€/kWh DC - 0,32€/kWh AC",0.5,ok
2025-09,Galicia,,50.0,DC,"0.50€/kWh >60kW - 0,39€/kWh DC - 0,32€/kWh AC",0.5,ok
2025-09,Galicia,,22.0,AC,"0.50€/kWh >60kW - 0,39€/kWh DC - 0,32€/kWh AC",0.5,ok
2025-09,Galicia,,50.0,DC,"0,45€/kWh",0.45,ok
2025-09,Galicia,,50.0,DC,"0,45€/kWh",0.45,ok
2025-09,Galicia,,43.0,DC,"0,45€/kWh",0.45,ok
2025-09,Galicia,,22.0,AC,,,no_kwh
2025-09,Galicia,,50.0,DC,"0,47€/kWh",0.47,ok
2025-09,Galicia,,50.0,DC,"0,47€/kWh",0.47,ok
2025-09,Galicia,,43.6,DC,"0,47€/kWh",0.47,ok
2025-09,Galicia,,22.0,AC,"0,39€/kWh",0.39,ok
2025-09,Galicia,,50.0,DC,0.47€/kWh  ,0.47,ok
2025-09,Galicia,,50.0,DC,0.47€/kWh  ,0.47,ok
2025-09,Galicia,,43.0,DC,0.47€/kWh  ,0.47,ok
2025-09,Galicia,,7.4,AC,free,,free
2025-09,Galicia,,100.0,DC,"0,40€/kWh DC ",0.4,ok
2025-09,Galicia,,200.0,DC,0.52€/kWh DC - 0.47€/kWh AC,0.52,ok
2025-09,Galicia,,11.0,AC,,,empty
2025-09,Galicia,,22.0,AC,,,empty
2025-09,Galicia,,11.0,AC,,,empty
2025-09,Galicia,,320.0,DC,,,empty
2025-09,Galicia,,22.0,AC,,,empty
2025-09,Galicia,,11.0,AC,,,empty
2025-09,Galicia,,50.0,DC,0.50€/kWh,0.5,ok
2025-09,Galicia,,50.0,DC,0.50€/kWh,0.5,ok
2025-09,Galicia,,43.0,DC,0.50€/kWh,0.5,ok
2025-09,Galicia,,50.0,DC,,,empty
2025-09,Galicia,,22.0,AC,,,empty
2025-09,Galicia,,150.0,DC,"0,54€/kWh",0.54,ok
2025-09,Galicia,,22.0,AC,,,empty
2025-09,Galicia,,50.0,DC,"0,39€/kWh",0.39,ok
2025-09,Galicia,,50.0,DC,"0,39€/kWh",0.39,ok
2025-09,Galicia,,50.0,DC,"0,50€/kWh DC - 0,45€/kWh AC",0.5,ok
2025-09,Galicia,,50.0,DC,"0,50€/kWh DC - 0,45€/kWh AC",0.5,ok
2025-09,Galicia,,43.0,DC,"0,50€/kWh DC - 0,45€/kWh AC",0.5,ok
2025-09,Galicia,,22.0,AC,"0,25€/kWh",0.25,ok
2025-09,Galicia,,11.0,AC,,,empty
2025-09,Galicia,,7.4,AC,,,no_kwh
2025-09,Galicia,,22.0,AC,"0,35€/kWh",0.35,ok
2025-09,Galicia,,11.0,AC,free,,free
2025-09,Galicia,,120.0,DC,"0,39€/kWh DC - 0,29€/kWh AC",0.39,ok
2025-09,Galicia,,22.0,AC,"0,39€/kWh DC - 0,29€/kWh AC",0.39,ok
2025-09,Galicia,,22.0,AC,,,no_kwh
2025-09,Galicia,,25.0,DC,,,no_kwh
2025-09,Galicia,,150.0,DC,"0,60€/kWh",0.6,ok
2025-09,Galicia,,50.0,DC,"0,39€/kWh DC - 0,29€/kWh AC",0.39,ok
2025-09,Galicia,,50.0,DC,"0,39€/kWh DC - 0,29€/kWh AC",0.39,ok
2025-09,Galicia,,43.0,DC,"0,39€/kWh DC - 0,29€/kWh AC",0.39,ok
2025-09,Galicia,,60.0,DC,"0,30€/kWh",0.3,ok
2025-09,Galicia,,7.4,AC,,,empty
2025-09,Galicia,,180.0,DC,,,no_kwh
2025-09,Galicia,,22.0,AC,,,no_kwh
2025-09,Galicia,,22.0,AC,,,empty
2025-09,Galicia,,22.0,AC,,,empty
2025-09,Galicia,,100.0,DC," 0,56€/kWh DC, AC: 0,38€/kWh",0.56,ok
2025-09,Galicia,,22.0,AC," 0,56€/kWh DC, AC: 0,38€/kWh",0.56,ok
2025-09,Galicia,,100.0,DC," 0,56€/kWh DC, AC: 0,38€/kWh",0.56,ok
2025-09,Galicia,,22.0,AC," 0,56€/kWh DC, AC: 0,38€/kWh",0.56,ok
2025-09,Galicia,,50.0,DC,0.47€/kWh ,0.47,ok
2025-09,Galicia,,50.0,DC,0.47€/kWh ,0.47,ok
2025-09,Galicia,,43.0,DC,0.47€/kWh ,0.47,ok
2025-09,Galicia,,22.0,AC,,,empty
2025-09,Galicia,,11.0,AC,,,no_kwh
2025-09,Galicia,,150.0,DC,"0,54€/kWh",0.54,ok
2025-09,Galicia,,3.7,AC,,,no_kwh
2025-09,Galicia,,7.4,AC,"0,39€/kWh AC",0.39,ok
2025-09,Galicia,,50.0,DC,"0,45€/kWh DC ",0.45,ok
2025-09,Galicia,,50.0,DC,"0,45€/kWh DC ",0.45,ok
2025-09,Galicia,,60.0,DC,"0,45€/kWh DC- 0,39€/kWh AC",0.45,ok
2025-09,Galicia,,7.4,AC,"0,45€/kWh DC- 0,39€/kWh AC",0.45,ok
2025-09,Galicia,,22.0,AC,"0,25€/kWh",0.25,ok
2025-09,Galicia,,50.0,DC,"0,47€/kWh ",0.47,ok
2025-09,Galicia,,50.0,DC,"0,47€/kWh ",0.47,ok
2025-09,Galicia,,43.0,DC,"0,47€/kWh ",0.47,ok
2025-09,Galicia,,150.0,DC,"0.50€/kWh >60kW - 0,39€/kWh DC - 0,32€/kWh AC",0.5,ok
2025-09,Galicia,,50.0,DC,"0.50€/kWh >60kW - 0,39€/kWh DC - 0,32€/kWh AC",0.5,ok
2025-09,Galicia,,22.0,AC,"0.50€/kWh >60kW - 0,39€/kWh DC - 0,32€/kWh AC",0.5,ok
2025-09,Galicia,,60.0,DC,"0,49€/kWh DC - 0,39€/kWh AC ",0.49,ok
2025-09,Galicia,,7.4,AC,,,no_kwh
2025-09,Galicia,,3.7,AC,,,no_kwh
2025-09,Galicia,,150.0,DC,"0,60€/kWh",0.6,ok
2025-09,Galicia,,150.0,DC,0.52€/kWh DC - 0.47€/kWh AC,0.52,ok
2025-09,Galicia,,50.0,DC,,,no_kwh
2025-09,Galicia,,7.4,AC,,,no_kwh
2025-09,Galicia,,22.0,AC,"0,25€/kWh",0.25,ok
2025-09,Galicia,,11.0,AC,"0,50€/kWh",0.5,ok
2025-09,Galicia,,50.0,DC,"0,50€/kWh DC - 0,45€/kWh AC",0.5,ok
2025-09,Galicia,,50.0,DC,"0,50€/kWh DC - 0,45€/kWh AC",0.5,ok
2025-09,Galicia,,22.0,AC,"0,50€/kWh DC - 0,45€/kWh AC",0.5,ok
2025-09,Galicia,,11.0,AC,free,,free
2025-09,Galicia,,3.7,AC,,,empty
2025-09,Galicia,,17.0,AC,,,empty
2025-09,Galicia,,11.0,AC,,,empty
2025-09,Galicia,,50.0,DC,,,no_kwh
2025-09,Galicia,,7.4,AC,,,no_kwh
2025-09,Galicia,,22.0,AC,"0,25€/kWh",0.25,ok
2025-09,Galicia,,50.0,DC,"0,45€/kWh 50kW  - 0,39€/kWh 22kW AC",0.45,ok
2025-09,Galicia,,50.0,DC,"0,45€/kWh 50kW  - 0,39€/kWh 22kW AC",0.45,ok
2025-09,Galicia,,22.0,AC,"0,45€/kWh 50kW  - 0,39€/kWh 22kW AC",0.45,ok
2025-09,Galicia,,22.0,AC,,,no_kwh
2025-09,Galicia,,22.0,AC,,,empty
2025-09,Galicia,,50.0,DC,"0,45€/kWh ",0.45,ok
2025-09,Galicia,,50.0,DC,"0,45€/kWh ",0.45,ok
2025-09,Galicia,,50.0,DC,"0,50€/kWh DC - 0,45€/kWh AC",0.5,ok
2025-09,Galicia,,50.0,DC,"0,50€/kWh DC - 0,45€/kWh AC",0.5,ok
2025-09,Galicia,,22.0,AC,"0,50€/kWh DC - 0,45€/kWh AC",0.5,ok
2025-09,Galicia,,150.0,DC,"0,65€/kWh >150kW - 0,55€/kWh >60kW - 0,45€/kWh DC - 0,39€/kWh AC ",0.65,ok
2025-09,Galicia,,150.0,DC,"0,60€/kWh",0.6,ok
2025-09,Galicia,,3.7,AC,,,empty
2025-09,Galicia,,150.0,DC,"0,57€/kWh DC / 0,36€/kWh AC",0.57,ok
2025-09,Galicia,,50.0,DC,"0,57€/kWh DC / 0,36€/kWh AC",0.57,ok
2025-09,Galicia,,7.0,AC,"0,57€/kWh DC / 0,36€/kWh AC",0.57,ok
2025-09,Galicia,,11.0,AC,,,empty
2025-09,Galicia,,22.0,AC,"0,40€/kEh + parking fee",,no_kwh
2025-09,Galicia,,22.0,AC,"0,25€/kWh ",0.25,ok
2025-09,Galicia,,22.0,AC,"0,40€/kEh + parking fee",,no_kwh
2025-09,Galicia,,7.4,AC,free,,free
2025-09,Galicia,,22.0,AC,,,empty
2025-09,Galicia,,90.0,DC,"0,54€/kWh ",0.54,ok
2025-09,Galicia,,3.7,AC,,,empty
2025-09,Galicia,,11.0,AC,,,empty
2025-09,Galicia,,60.0,DC,"0,45€/KWh",0.45,ok
2025-09,Galicia,,22.0,AC,"0,35€/kWh",0.35,ok
2025-09,Galicia,,22.0,AC,"0,30€/kWh + parking fee",0.3,ok
2025-09,Galicia,,11.0,AC,"0,49€/kWh + parking fee",0.49,ok
2025-09,Galicia,,50.0,DC," 0,47€/kWh",0.47,ok
2025-09,Galicia,,43.0,DC," 0,47€/kWh",0.47,ok
2025-09,Galicia,,50.0,DC," 0,47€/kWh",0.47,ok
2025-09,Galicia,,11.0,AC,,,no_kwh
2025-09,Galicia,,50.0,DC," 0,47€/kWh ",0.47,ok
2025-09,Galicia,,43.0,DC," 0,47€/kWh ",0.47,ok
2025-09,Galicia,,50.0,DC," 0,47€/kWh ",0.47,ok
2025-09,Galicia,,7.4,AC,,,no_kwh
2025-09,Galicia,,50.0,DC,"0,43€/kWh DC - 0,38€/kWh AC",0.43,ok
2025-09,Galicia,,22.0,AC,"0,43€/kWh DC - 0,38€/kWh AC",0.43,ok
2025-09,Galicia,,60.0,DC,0.52€/kWh DC - 0.47€/kWh AC,0.52,ok
2025-09,Galicia,,22.0,AC,"0,49€/kWhDC - 0,39€/kWh AC",0.49,ok
2025-09,Galicia,,50.0,DC,"0,49€/kWhDC - 0,39€/kWh AC",0.49,ok
2025-09,Galicia,,50.0,DC,"0,49€/kWhDC - 0,39€/kWh AC",0.49,ok
2025-09,Galicia,,22.0,AC,"0,49€/kWhDC - 0,39€/kWh AC",0.49,ok
2025-09,Galicia,,11.0,AC,,,empty
2025-09,Galicia,,7.4,AC,,,no_kwh
2025-09,Galicia,,7.4,AC,"0,39€/kWh",0.39,ok
2025-09,Galicia,,22.0,AC,"0,39€/kWh AC ",0.39,ok
2025-09,Galicia,,50.0,DC,0.47€/kWh ,0.47,ok
2025-09,Galicia,,50.0,DC,0.47€/kWh ,0.47,ok
2025-09,Galicia,,22.0,AC,0.47€/kWh ,0.47,ok
2025-09,Galicia,,9.0,AC,"0,49€/kWh + parking fee",0.49,ok
2025-09,Galicia,,22.0,AC,,,empty
2025-09,Galicia,,3.7,AC,,,empty
2025-09,Galicia,,50.0,DC," 0,47€/kWh ",0.47,ok
2025-09,Galicia,,43.0,DC," 0,47€/kWh ",0.47,ok
2025-09,Galicia,,50.0,DC," 0,47€/kWh ",0.47,ok
2025-09,Galicia,,50.0,DC," 0,47€/kWh DC ",0.47,ok
2025-09,Galicia,,43.0,DC," 0,47€/kWh DC ",0.47,ok
2025-09,Galicia,,50.0,DC," 0,47€/kWh DC ",0.47,ok
2025-09,Galicia,,7.4,AC,"0,45€/kWh + parking fee",0.45,ok
2025-09,Galicia,,22.0,AC,"0,39€/kWh + parking fee",0.39,ok
2025-09,Galicia,,11.0,AC,"parking fee + 0,20€/kWh (0,01€/min parked without charging)",0.2,ok
2025-09,Galicia,,60.0,DC,"0,50€/kWh DC - 0,45€/kWh AC",0.5,ok
2025-09,Galicia,,22.0,AC,"0,50€/kWh DC - 0,45€/kWh AC",0.5,ok
2025-09,Galicia,,22.0,AC,,,no_kwh
2025-09,Galicia,,50.0,DC," 0,47€/kWh",0.47,ok
2025-09,Galicia,,43.0,DC," 0,47€/kWh",0.47,ok
2025-09,Galicia,,50.0,DC," 0,47€/kWh",0.47,ok
2025-09,Galicia,,22.0,AC,,,no_kwh
2025-09,Galicia,,11.0,AC,,,no_kwh
2025-09,Galicia,,22.0,AC,"0,35€/kWh",0.35,ok
2025-09,Galicia,,7.4,AC,"0,30€/kWh",0.3,ok
2025-09,Galicia,,7.4,AC,free,,free
2025-09,Galicia,,2.3,AC,free,,free
2025-09,Galicia,,120.0,DC,"0,54€/kWh DC - 0,32€/kWh AC",0.54,ok
2025-09,Galicia,,120.0,DC,"0,54€/kWh DC - 0,32€/kWh AC",0.54,ok
2025-09,Galicia,,22.0,AC,"0,54€/kWh DC - 0,32€/kWh AC",0.54,ok
2025-09,Galicia,,22.0,AC,"0,30€/kwh",0.3,ok
2025-09,Galicia,,11.0,AC,,,no_kwh
2025-09,Galicia,,22.0,AC,,,empty
2025-09,Galicia,,30.0,DC,,,empty
2025-09,Galicia,,120.0,DC,"0,55€/kWh DC - 0,40€/kWh AC",0.55,ok
2025-09,Galicia,,150.0,DC,"0,65€/kWh >150kW - 0,55€/kWh >60kW - 0,45€/kWh DC - 0,39€/kWh AC ",0.65,ok
2025-09,Galicia,,50.0,DC," 0,47€/kWh ",0.47,ok
2025-09,Galicia,,43.0,DC," 0,47€/kWh ",0.47,ok
2025-09,Galicia,,50.0,DC," 0,47€/kWh ",0.47,ok
2025-09,Galicia,,50.0,DC,"0,50€/kWh DC - 0,45€/kWh AC",0.5,ok
2025-09,Galicia,,50.0,DC,"0,50€/kWh DC - 0,45€/kWh AC",0.5,ok
2025-09,Galicia,,22.0,AC,"0,50€/kWh DC - 0,45€/kWh AC",0.5,ok
2025-09,Galicia,,7.4,AC,,,no_kwh
2025-09,Galicia,,50.0,DC,"0,45€/kWh DC - 0,39€/kWh AC",0.45,ok
2025-09,Galicia,,50.0,DC,"0,45€/kWh DC - 0,39€/kWh AC",0.45,ok
2025-09,Galicia,,22.0,AC,"0,45€/kWh DC - 0,39€/kWh AC",0.45,ok
2025-09,Galicia,,22.0,AC,"0,45€/kWh DC - 0,39€/kWh AC",0.45,ok
2025-09,Galicia,,22.0,AC,,,empty
2025-09,Galicia,,22.0,AC,,,empty
2025-09,Galicia,,22.0,AC,,,empty
2025-09,Galicia,,50.0,DC,,,empty
2025-09,Galicia,,22.0,AC,"0,36€/kWh 22kW AC",0.36,ok
2025-09,Galicia,,60.0,DC,"0,30€/kWh",0.3,ok
2025-09,Galicia,,50.0,DC,,,no_kwh
2025-09,Galicia,,50.0,DC,,,no_kwh
2025-09,Galicia,,43.0,DC,,,no_kwh
2025-09,Galicia,,7.4,AC,,,no_kwh
2025-09,Galicia,,7.4,AC,,,no_kwh
2025-09,Galicia,,50.0,DC," 0,47€/kWh ",0.47,ok
2025-09,Galicia,,43.0,DC," 0,47€/kWh ",0.47,ok
2025-09,Galicia,,50.0,DC," 0,47€/kWh ",0.47,ok
2025-09,Galicia,,22.0,AC,,,empty
2025-09,Galicia,,22.0,AC,,,empty
2025-09,Galicia,,11.0,AC,,,empty
2025-09,Galicia,,60.0,DC,"0,45€/KWh",0.45,ok
2025-09,Galicia,,22.0,AC,"0,25€/kWh",0.25,ok
2025-09,Galicia,,150.0,DC,"0,60€/kWh",0.6,ok
2025-09,Galicia,,50.0,DC,0.47€/kWh ,0.47,ok
2025-09,Galicia,,50.0,DC,0.47€/kWh ,0.47,ok
2025-09,Galicia,,43.0,DC,0.47€/kWh ,0.47,ok
2025-09,Galicia,,50.0,DC,0.47€/kWh ,0.47,ok
2025-09,Galicia,,50.0,DC,0.47€/kWh ,0.47,ok
2025-09,Galicia,,43.0,DC,0.47€/kWh ,0.47,ok
2025-09,Galicia,,60.0,DC,"0,60€/kWh",0.6,ok
2025-09,Galicia,,60.0,DC,"0,60€/kWh",0.6,ok
2025-09,Galicia,,3.7,AC,,,empty
2025-09,Galicia,,60.0,DC,"0,45€/kWh",0.45,ok
2025-09,Galicia,,22.0,AC,"0,35€/kWh",0.35,ok
2025-09,Galicia,,50.0,DC,,,no_kwh
2025-09,Galicia,,7.4,AC,,,no_kwh
2025-09,Galicia,,22.0,AC,"0,63€/kWh",0.63,ok
2025-09,Galicia,,3.7,AC,,,no_kwh
2025-09,Galicia,,2.3,AC,,,no_kwh
2025-09,Galicia,,22.0,AC,,,empty
2025-09,Galicia,,11.0,AC,,,empty
2025-09,Galicia,,3.7,AC,,,no_kwh
2025-09,Galicia,,22.0,AC,"0,35€/kWh",0.35,ok
2025-09,Galicia,,22.0,AC,,,no_kwh
2025-09,Galicia,,60.0,DC,"0,30€/kWh",0.3,ok
2025-09,Galicia,,7.4,AC,,,empty
2025-09,Galicia,,25.0,DC,,,empty
2025-09,Galicia,,22.0,AC,,,empty
2025-09,Galicia,,50.0,DC,"0,45€/kWh DC ",0.45,ok
2025-09,Galicia,,50.0,DC,"0,45€/kWh DC ",0.45,ok
2025-09,Galicia,,22.0,AC,"0,60€kWh DC - 0.40€/kWh AC",0.6,ok
2025-09,Galicia,,50.0,DC,"0,60€kWh DC - 0.40€/kWh AC",0.6,ok
2025-09,Galicia,,22.0,AC,"0,40€/kWh",0.4,ok
2025-09,Galicia,,3.7,AC,"0,40€/kWh",0.4,ok
2025-09,Galicia,,3.7,AC,,,empty
2025-09,Galicia,,11.0,AC,,,no_kwh
2025-09,Galicia,,3.0,AC,,,no_kwh
2025-09,Galicia,,50.0,DC,,,no_kwh
2025-09,Galicia,,7.4,AC,,,no_kwh
2025-09,Galicia,,22.0,AC,"0,35€/kWh",0.35,ok
2025-09,Galicia,,50.0,DC,"0,35€/kWh",0.35,ok
2025-09,Galicia,,50.0,DC,"0,35€/kWh",0.35,ok
2025-09,Galicia,,22.0,AC,"0,35€/kWh",0.35,ok
2025-09,Galicia,,50.0,DC," 0,35€/kWh DC50kW/AC43kW ",0.35,ok
2025-09,Galicia,,50.0,DC," 0,35€/kWh DC50kW/AC43kW ",0.35,ok
2025-09,Galicia,,43.0,DC," 0,35€/kWh DC50kW/AC43kW ",0.35,ok
2025-09,Galicia,,100.0,DC,"0,54€/kWh",0.54,ok
2025-09,Galicia,,22.0,AC,"0,39€/kWh AC",0.39,ok
2025-09,Galicia,,22.0,AC," 0,30€/kWh AC ",0.3,ok
2025-09,Galicia,,11.0,AC,"0,58€/kWh",0.58,ok
2025-09,Galicia,,11.0,AC,,,empty
2025-09,Galicia,,11.0,AC,,,empty
2025-09,Galicia,,22.0,AC,,,empty
2025-09,Galicia,,3.7,AC,,,empty
2025-09,Galicia,,7.4,AC,,,empty
2025-09,Galicia,,22.0,AC,,,empty
2025-09,Galicia,,22.0,AC,0.50 €/kWh,0.5,ok
2025-09,Galicia,,25.0,DC,free,,free
2025-09,Galicia,,25.0,DC,free,,free
2025-09,Galicia,,22.0,AC,,,no_kwh
2025-09,Galicia,,50.0,DC,0.47€/kWh ,0.47,ok
2025-09,Galicia,,50.0,DC,0.47€/kWh ,0.47,ok
2025-09,Galicia,,43.0,DC,0.47€/kWh ,0.47,ok
2025-09,Galicia,,3.7,AC,,,empty
2025-09,Galicia,,11.0,AC,,,empty
2025-09,Galicia,,22.0,AC,"0,50€/kw/h",,no_kwh
2025-09,Galicia,,22.0,AC,"0,50€/kw/h",,no_kwh
2025-09,Galicia,,22.0,AC,"0,50€/kw/h",,no_kwh
2025-09,Galicia,,3.7,AC,,,empty
2025-09,Galicia,,3.7,AC,,,empty
2025-09,Galicia,,22.0,AC,,,empty
2025-09,Galicia,,7.4,AC,,,empty
2025-09,Galicia,,11.0,AC,,,empty
2025-09,Galicia,,22.0,AC,,,empty
2025-09,Galicia,,22.0,AC,,,no_kwh
2025-09,Galicia,,3.7,AC,,,empty
2025-09,Galicia,,7.4,AC,"0,40€/kWh",0.4,ok
2025-09,Galicia,,7.4,AC,"0,20€/kWh 7,4kW AC",0.2,ok
2025-09,Galicia,,3.7,AC,,,empty
2025-09,Galicia,,6.0,AC,"0,39€/kWh",0.39,ok
2025-09,Galicia,,22.0,AC,"0,38€/kWh",0.38,ok
2025-09,Galicia,,22.0,AC,,,empty
2025-09,Galicia,,22.0,AC,,,empty
2025-09,Galicia,,11.0,AC,"0,39€/kWh",0.39,ok
2025-09,Galicia,,22.0,AC,,,empty
2025-09,Galicia,,50.0,DC,"0,43€/kWh DC - 0,38€/kWh AC",0.43,ok
2025-09,Galicia,,22.0,AC,"0,43€/kWh DC - 0,38€/kWh AC",0.43,ok
2025-09,Galicia,,11.0,AC,,,empty
2025-09,Galicia,,11.0,AC,,,empty
2025-09,Galicia,,60.0,DC,"0,50€/kWh DC - 0,45€/kWh AC",0.5,ok
2025-09,Galicia,,22.0,AC,"0,50€/kWh DC - 0,45€/kWh AC",0.5,ok
2025-09,Galicia,,7.4,AC,,,empty
2025-09,Galicia,,7.4,AC,"0,40€/kWh + parking fee",0.4,ok
2025-09,Galicia,,22.0,AC," 0,38€/kWh AC",0.38,ok
2025-09,Galicia,,3.7,AC,,,empty
2025-09,Galicia,,7.4,AC,"0,38€/kWh + parking fee",0.38,ok
2025-09,Galicia,,25.0,DC,"0,19€/kWh AC ",0.19,ok
2025-09,Galicia,,22.0,AC,"0,39€/kWh AC ",0.39,ok
2025-09,Galicia,,3.7,AC,,,empty
2025-09,Galicia,,22.0,AC,"0,39€/kWh",0.39,ok
2025-09,Galicia,,25.0,DC,,,no_kwh
2025-09,Galicia,,60.0,DC,"0,30€/kWh",0.3,ok
2025-09,Galicia,,50.0,DC,"0,45€/kWh 50kW  - 0,39€/kWh 22kW AC",0.45,ok
2025-09,Galicia,,50.0,DC,"0,45€/kWh 50kW  - 0,39€/kWh 22kW AC",0.45,ok
2025-09,Galicia,,22.0,AC,"0,45€/kWh 50kW  - 0,39€/kWh 22kW AC",0.45,ok
2025-09,Galicia,,50.0,DC,0.47€/kWh ,0.47,ok
2025-09,Galicia,,50.0,DC,0.47€/kWh ,0.47,ok
2025-09,Galicia,,43.0,DC,0.47€/kWh ,0.47,ok
2025-09,Galicia,,150.0,DC,"0,54€/kWh",0.54,ok
2025-09,Galicia,,3.7,AC,,,no_kwh
2025-09,Galicia,,22.0,AC,,,empty
2025-09,Galicia,,3.6,AC,,,empty
2025-09,Galicia,,3.7,AC,,,empty
2025-09,Galicia,,22.0,AC,"0,36€/kWh 22kW AC",0.36,ok
2025-09,Galicia,,22.0,AC,"0,50 €/kWh",0.5,ok
2025-09,Galicia,,50.0,DC,"0,50 €/kWh",0.5,ok
2025-09,Galicia,,50.0,DC,"0,50 €/kWh",0.5,ok
2025-09,Galicia,,3.7,AC,,,empty
2025-09,Galicia,,22.0,AC,,,no_kwh
2025-09,Galicia,,7.4,AC,,,no_kwh
2025-09,Galicia,,3.7,AC,,,no_kwh
2025-09,Galicia,,3.7,AC,,,empty
2025-09,Galicia,,11.0,AC,,,empty
2025-09,Galicia,,22.0,AC,,,no_kwh
2025-09,Galicia,,22.0,AC,"0,39€/kWh AC",0.39,ok
2025-09,Galicia,,50.0,DC,"0,30€/kWh",0.3,ok
2025-09,Galicia,,22.0,AC,,,no_kwh
2025-09,Galicia,,50.0,DC,Free,,free
2025-09,Galicia,,22.0,AC,Free,,free
2025-09,Galicia,,22.0,AC,,,empty
2025-09,Galicia,,50.0,DC,,,no_kwh
2025-09,Galicia,,7.4,AC,,,no_kwh
2025-09,Galicia,,50.0,DC,"0,54€/kWh",0.54,ok
2025-09,Galicia,,60.0,DC,"0,30€/kWh",0.3,ok
2025-09,Galicia,,150.0,DC,"0,65€/kWh >150kW - 0,55€/kWh >60kW - 0,45€/kWh DC - 0,39€/kWh AC ",0.65,ok
2025-09,Galicia,,150.0,DC,,,empty
2025-09,Galicia,,250.0,DC,,,empty
2025-09,Galicia,,50.0,DC,,,no_kwh
2025-09,Galicia,,7.4,AC,,,no_kwh
2025-09,Galicia,,7.4,AC,,,empty
2025-09,Galicia,,22.0,AC,"0,28€/kWh",0.28,ok
2025-09,Galicia,,22.0,AC,"0,28€/kWh",0.28,ok
2025-09,Galicia,,22.0,AC,"0,38€/kWh",0.38,ok
2025-09,Galicia,,3.7,AC,,,no_kwh
2025-09,Galicia,,11.0,AC,,,no_kwh
2025-09,Galicia,,60.0,DC,"0,49€/kWh DC - 0,39€/kWh AC",0.49,ok
2025-09,Galicia,,43.0,DC,"0,49€/kWh DC - 0,39€/kWh AC",0.49,ok
2025-09,Galicia,,22.0,AC,,,empty
2025-09,Galicia,,22.0,AC,"0,15 €/kWh - Free charge first 11 kWh",0.15,ok
2025-09,Galicia,,22.0,AC,"0,39€/kWh + parking fee",0.39,ok
2025-09,Galicia,,50.0,DC,"0,45€/kWh",0.45,ok
2025-09,Galicia,,50.0,DC,"0,45€/kWh",0.45,ok
2025-09,Galicia,,44.0,DC,"0,45€/kWh",0.45,ok
2025-09,Galicia,,50.0,DC,"0,45€/kWh",0.45,ok
2025-09,Galicia,,50.0,DC,"0,45€/kWh",0.45,ok
2025-09,Galicia,,7.4,AC,,,empty
2025-09,Galicia,,3.7,AC,,,empty
2025-09,Galicia,,22.0,AC,"0,40€/kWh",0.4,ok
2025-09,Galicia,,50.0,DC,,,no_kwh
2025-09,Galicia,,7.4,AC,,,no_kwh
2025-09,Galicia,,90.0,DC,"0,40€/kWh",0.4,ok
2025-09,Galicia,,50.0,DC,,,no_kwh
2025-09,Galicia,,50.0,DC,,,no_kwh
2025-09,Galicia,,22.0,AC,,,no_kwh
2025-09,Galicia,,50.0,DC,"0,60€/kWh",0.6,ok
2025-09,Galicia,,50.0,DC,"0,48€/kWh ",0.48,ok
2025-09,Galicia,,22.0,AC,"0,48€/kWh ",0.48,ok
2025-09,Galicia,,50.0,DC,"0.50€/kWh >60kW - 0,39€/kWh DC - 0,32€/kWh AC",0.5,ok
2025-09,Galicia,,50.0,DC,"0.50€/kWh >60kW - 0,39€/kWh DC - 0,32€/kWh AC",0.5,ok
2025-09,Galicia,,22.0,AC,"0.50€/kWh >60kW - 0,39€/kWh DC - 0,32€/kWh AC",0.5,ok
2025-09,Galicia,,360.0,DC,"0,50€/kWh ",0.5,ok
2025-09,Galicia,,360.0,DC,"0,50€/kWh ",0.5,ok
2025-09,Galicia,,22.0,AC,"0,36€/kWh",0.36,ok
2025-09,Galicia,,100.0,DC,"0,54€/kWh DC - 0,36€/kWh AC",0.54,ok
2025-09,Galicia,,22.0,AC,"0,25€/kWh ",0.25,ok
2025-09,Galicia,,22.0,AC,,,empty
2025-09,Galicia,,22.0,AC,,,empty
2025-09,Galicia,,22.0,AC,,,empty
2025-09,Galicia,,22.0,AC,free,,free
2025-09,Galicia,,22.0,AC,"0,30€/kWh 22kW AC",0.3,ok
2025-09,Galicia,,3.7,AC,,,empty
2025-09,Galicia,,11.0,AC,,,empty
2025-09,Galicia,,100.0,DC,"0,54€/kWh",0.54,ok
2025-09,Galicia,,50.0,DC,"0,47€/kWh",0.47,ok
2025-09,Galicia,,50.0,DC,"0,47€/kWh",0.47,ok
2025-09,Galicia,,43.0,DC,"0,47€/kWh",0.47,ok
2025-09,Galicia,,7.4,AC,,,empty
2025-09,Galicia,,7.4,AC,,,empty
2025-09,Galicia,,7.4,AC,,,empty
2025-09,Galicia,,7.4,AC,,,empty
2025-09,Galicia,,22.0,AC,,,no_kwh
2025-09,Galicia,,22.0,AC,,,empty
2025-09,Galicia,,7.4,AC,,,empty
2025-09,Galicia,,22.0,AC,,,empty
2025-09,Galicia,,60.0,DC,"0,30€/kWh",0.3,ok
2025-09,Galicia,,25.0,DC,"0,40€/kWh",0.4,ok
2025-09,Galicia,,25.0,DC,"0,40€/kWh",0.4,ok
2025-09,Galicia,,22.0,AC,,,empty
2025-09,Galicia,,30.0,DC,,,empty
2025-09,Galicia,,150.0,DC," 0,59€/kWh - 0,40€/kWh AC ",0.59,ok
2025-09,Galicia,,22.0,AC," 0,59€/kWh - 0,40€/kWh AC ",0.59,ok
2025-09,Galicia,,22.0,AC,,,empty
2025-09,Galicia,,100.0,DC," 0,60€/kWh DC, AC: 0,43€/kWh",0.6,ok
2025-09,Galicia,,50.0,DC," 0,60€/kWh DC, AC: 0,43€/kWh",0.6,ok
2025-09,Galicia,,7.4,AC,,,empty
2025-09,Galicia,,3.7,AC,,,empty
2025-09,Galicia,,11.0,AC,,,no_kwh
2025-09,Galicia,,22.0,AC,,,empty
2025-09,Galicia,,22.0,AC,,,empty
2025-09,Galicia,,7.4,AC,,,no_kwh
2025-09,Galicia,,22.0,AC,,,empty
2025-09,Galicia,,22.0,AC,"0,35€/kWh",0.35,ok
2025-09,Galicia,,100.0,DC,"0,54€/kWh ",0.54,ok
2025-09,Galicia,,22.0,AC,,,empty
2025-09,Galicia,,22.0,AC,,,empty
2025-09,Galicia,,22.0,AC,,,empty
2025-09,Galicia,,3.7,AC,,,empty
2025-09,Galicia,,50.0,DC,0.45€/kWh ,0.45,ok
2025-09,Galicia,,50.0,DC,0.45€/kWh ,0.45,ok
2025-09,Galicia,,22.0,AC,0.45€/kWh ,0.45,ok
2025-09,Galicia,,22.0,AC,,,no_kwh
2025-09,Galicia,,150.0,DC,"0,60 €/kWh DC",0.6,ok
2025-09,Galicia,,50.0,DC,"0,45€/kWh 50kW  - 0,39€/kWh 22kW AC",0.45,ok
2025-09,Galicia,,50.0,DC,"0,45€/kWh 50kW  - 0,39€/kWh 22kW AC",0.45,ok
2025-09,Galicia,,22.0,AC,"0,45€/kWh 50kW  - 0,39€/kWh 22kW AC",0.45,ok
2025-09,Galicia,,7.4,AC,,,empty
2025-09,Galicia,,11.0,AC,"0,58€/kWh",0.58,ok
2025-09,Galicia,,22.0,AC,"0,58€/kWh",0.58,ok
2025-09,Galicia,,22.0,AC,"0,25€/kWh ",0.25,ok
2025-09,Galicia,,50.0,DC,0.47€/kWh ,0.47,ok
2025-09,Galicia,,50.0,DC,0.47€/kWh ,0.47,ok
2025-09,Galicia,,43.0,DC,0.47€/kWh ,0.47,ok
2025-09,Galicia,,22.0,AC,"0,39€/kWh",0.39,ok
2025-09,Galicia,,100.0,DC,"0,54€/kWh ",0.54,ok
2025-09,Galicia,,22.0,AC,,,empty
2025-09,Galicia,,22.0,AC,,,empty
2025-09,Galicia,,7.4,AC,,,empty
2025-09,Galicia,,7.4,AC,,,empty
2025-09,Galicia,,22.0,AC,"0,25€/kWh",0.25,ok
2025-09,Galicia,,60.0,DC,"0,40€/kWh",0.4,ok
2025-09,Galicia,,50.0,DC,,,no_kwh
2025-09,Galicia,,7.4,AC,,,no_kwh
2025-09,Galicia,,22.0,AC,0.30 €/kWh,0.3,ok
2025-09,Galicia,,50.0,DC,"0,47€/kWh",0.47,ok
2025-09,Galicia,,50.0,DC,"0,47€/kWh",0.47,ok
2025-09,Galicia,,43.0,DC,"0,47€/kWh",0.47,ok
2025-09,Galicia,,50.0,DC," 0,39€/kWh DC - 0,29€/kWh AC",0.39,ok
2025-09,Galicia,,43.0,DC," 0,39€/kWh DC - 0,29€/kWh AC",0.39,ok
2025-09,Galicia,,50.0,DC," 0,39€/kWh DC - 0,29€/kWh AC",0.39,ok
2025-09,Galicia,,7.4,AC,,,empty
2025-09,Galicia,,22.0,AC,"0,25€/kWh",0.25,ok
2025-09,Galicia,,11.0,AC,"0,58€/kWh",0.58,ok
2025-09,Galicia,,25.0,DC,"0,58€/kWh",0.58,ok
2025-09,Galicia,,22.0,AC,"0,40€/kWh",0.4,ok
2025-09,Galicia,,11.0,AC,"0,55€/kWh DC - 0,40€/kWh AC",0.55,ok
2025-09,Galicia,,120.0,DC,"0,55€/kWh DC - 0,40€/kWh AC",0.55,ok
2025-09,Galicia,,7.4,AC,"0,40€/kWh",0.4,ok
2025-09,Galicia,,22.0,AC,,,no_kwh
2025-09,Galicia,,22.0,AC,"0,35€/kWh",0.35,ok
2025-09,Galicia,,3.7,AC,free,,free
2025-09,Galicia,,3.7,AC,,,empty
2025-09,Galicia,,11.0,AC,,,empty
2025-09,Galicia,,3.7,AC,,,empty
2025-09,Galicia,,22.0,AC,,,empty
2025-09,Galicia,,3.4,AC,,,no_kwh
2025-09,Galicia,,7.4,AC,,,empty
2025-09,Galicia,,7.4,AC,"0,40€/kWh",0.4,ok
2025-09,Galicia,,7.4,AC,,,empty
2025-09,Galicia,,22.0,AC,"0,50€/kWh",0.5,ok
2025-09,Galicia,,11.0,AC,,,empty
2025-09,Galicia,,3.7,AC,,,empty
2025-09,Galicia,,22.0,AC,,,no_kwh
2025-09,Galicia,,3.7,AC,free,,free
2025-09,Galicia,,7.4,AC,,,empty
2025-09,Galicia,,3.7,AC,,,no_kwh
2025-09,Galicia,,60.0,DC,"0,45€/KWh",0.45,ok
2025-09,Galicia,,11.0,AC,,,empty
2025-09,Galicia,,50.0,DC,"0,47€/kWh",0.47,ok
2025-09,Galicia,,50.0,DC,"0,47€/kWh",0.47,ok
2025-09,Galicia,,43.0,DC,"0,47€/kWh",0.47,ok
2025-09,Galicia,,22.0,AC," 0,39€/kWh + parking fee",0.39,ok
2025-09,Galicia,,22.0,AC,"0,35€/kWh",0.35,ok
2025-09,Galicia,,3.7,AC,,,empty
2025-09,Galicia,,7.4,AC,,,empty
2025-09,Galicia,,3.7,AC,,,empty
2025-09,Galicia,,22.0,AC,"0,25€/kWh",0.25,ok
2025-09,Galicia,,11.0,AC,,,no_kwh
2025-09,Galicia,,22.0,AC,"0,35€/kWh + parking fee",0.35,ok
2025-09,Galicia,,50.0,DC,"0,39€/kWh DC - 0,29€/kWh AC",0.39,ok
2025-09,Galicia,,50.0,DC,"0,39€/kWh DC - 0,29€/kWh AC",0.39,ok
2025-09,Galicia,,43.0,DC,"0,39€/kWh DC - 0,29€/kWh AC",0.39,ok
2025-09,Galicia,,22.0,AC,,,empty
2025-09,Galicia,,,,,,empty
2025-09,Galicia,,,,,,empty
2025-09,Galicia,,,,,,empty
2025-09,Galicia,,3.7,AC,,,empty
2025-09,Galicia,,7.0,AC,parking fee,,no_kwh
2025-09,Galicia,,22.0,AC,,,empty
2025-09,Galicia,,22.0,AC,,,no_kwh
2025-09,Galicia,,3.7,AC,,,empty
2025-09,Galicia,,11.0,AC,,,empty
2025-09,Galicia,,11.0,AC,,,empty
2025-09,Galicia,,22.0,AC,"0,35€/kWh + parking fee",0.35,ok
2025-09,Galicia,,22.0,AC,"0,27€/kWh",0.27,ok
2025-09,Galicia,,22.0,AC," 0,39€/kWh + parking fee",0.39,ok
2025-09,Galicia,,22.0,AC,"0,35€/kWh + parking fee",0.35,ok
2025-09,Galicia,,22.0,AC,"0,35€/kWh ",0.35,ok
2025-09,Galicia,,7.4,AC,,,empty
2025-09,Galicia,,22.0,AC,"0,39€/kWh + parking fee",0.39,ok
2025-09,Galicia,,2.3,AC,,,empty
2025-09,Galicia,,7.4,AC,"0,38€/kWh",0.38,ok
2025-09,Galicia,,2.3,AC,,,empty
2025-09,Galicia,,100.0,DC,"0,45€/kWh ",0.45,ok
2025-09,Galicia,,22.0,AC,"0,45€/kWh ",0.45,ok
2025-09,Galicia,,50.0,DC,,,no_kwh
2025-09,Galicia,,50.0,DC,,,no_kwh
2025-09,Galicia,,22.0,AC,,,no_kwh
2025-09,Galicia,,22.0,AC,,,no_kwh
2025-09,Galicia,,22.0,AC,"0,35€/kWh + parking fee",0.35,ok
2025-09,Galicia,,11.0,AC,,,no_kwh
2025-09,Galicia,,50.0,DC," 0,39€/kWh DC - 0,29€/kWh AC",0.39,ok
2025-09,Galicia,,43.0,DC," 0,39€/kWh DC - 0,29€/kWh AC",0.39,ok
2025-09,Galicia,,50.0,DC," 0,39€/kWh DC - 0,29€/kWh AC",0.39,ok
2025-09,Galicia,,3.7,AC,,,empty
2025-09,Galicia,,17.0,AC,,,empty
2025-09,Galicia,,50.0,DC,"0,45€/kWh",0.45,ok
2025-09,Galicia,,50.0,DC,"0,45€/kWh",0.45,ok
2025-09,Galicia,,43.0,DC,"0,45€/kWh",0.45,ok
2025-09,Galicia,,250.0,DC,,,empty
2025-09,Galicia,,50.0,DC,0.47€/kWh ,0.47,ok
2025-09,Galicia,,50.0,DC,0.47€/kWh ,0.47,ok
2025-09,Galicia,,43.0,DC,0.47€/kWh ,0.47,ok
2025-09,Galicia,,22.0,AC,,,empty
2025-09,Galicia,,50.0,DC,,,empty
2025-09,Galicia,,50.0,DC,,,empty
2025-09,Galicia,,22.0,AC,"0,25€/kWh",0.25,ok
2025-09,Galicia,,11.0,AC,,,no_kwh
2025-09,Galicia,,22.0,AC,,,empty
2025-09,Galicia,,3.7,AC,,,empty
2025-09,Galicia,,60.0,DC,"0,30€/kWh",0.3,ok
2025-09,Galicia,,50.0,DC,,,empty
2025-09,Galicia,,2.3,AC,"0,40€/kWh",0.4,ok
2025-09,Galicia,,3.7,AC,,,empty
2025-09,Galicia,,3.7,AC,,,empty
2025-09,Galicia,,22.0,AC,,,empty
2025-09,Galicia,,50.0,DC,"0,45€/kWh",0.45,ok
2025-09,Galicia,,50.0,DC,"0,45€/kWh",0.45,ok
2025-09,Galicia,,7.4,AC,,,no_kwh
2025-09,Galicia,,50.0,DC,0.47€/kWh ,0.47,ok
2025-09,Galicia,,50.0,DC,0.47€/kWh ,0.47,ok
2025-09,Galicia,,43.0,DC,0.47€/kWh ,0.47,ok
2025-09,Galicia,,22.0,AC,,,empty
2025-09,Galicia,,50.0,DC,"0,45€/kWh DC - 0,36€/kWh AC",0.45,ok
2025-09,Galicia,,22.0,AC,"0,45€/kWh DC - 0,36€/kWh AC",0.45,ok
2025-09,Galicia,,50.0,DC,"0,45€/kWh DC - 0,36€/kWh AC",0.45,ok
2025-09,Galicia,,50.0,DC," 0,47€/kWh ",0.47,ok
2025-09,Galicia,,43.0,DC," 0,47€/kWh ",0.47,ok
2025-09,Galicia,,50.0,DC," 0,47€/kWh ",0.47,ok
2025-09,Galicia,,7.4,AC,,,no_kwh
2025-09,Galicia,,22.0,AC,"0,32€/kWh",0.32,ok
2025-09,Galicia,,22.0,AC,,,empty
2025-09,Galicia,,22.0,AC,"0,35€/kWh + parking fee",0.35,ok
2025-09,Galicia,,22.0,AC,,,empty
2025-09,Galicia,,3.7,AC,,,empty
2025-09,Galicia,,150.0,DC,"0,60 €/kWh DC",0.6,ok
2025-09,Galicia,,100.0,DC,"0,54€/kWh ",0.54,ok
2025-09,Galicia,,11.0,AC,5€/charge + parking fee 10€/day,,no_kwh
2025-09,Galicia,,11.0,AC,,,empty
2025-09,Galicia,,11.0,AC,,,empty
2025-09,Galicia,,11.0,AC,,,no_kwh
2025-09,Galicia,,11.0,AC,Gratis,,free
2025-09,Galicia,,11.0,AC,Gratis,,free
2025-09,Galicia,,150.0,DC,"0,60 €/kWh DC",0.6,ok
2025-09,Galicia,,3.7,AC,,,no_kwh
2025-09,Galicia,,3.7,AC,,,empty
2025-09,Galicia,,3.4,AC,,,no_kwh
2025-09,Galicia,,3.7,AC,,,empty
2025-09,Galicia,,150.0,DC,"0,55€/kWh",0.55,ok
2025-09,Galicia,,50.0,DC,"0,50€/kWh DC - 0,45€/kWh AC",0.5,ok
2025-09,Galicia,,22.0,AC,"0,50€/kWh DC - 0,45€/kWh AC",0.5,ok
2025-09,Galicia,,50.0,DC,"0,50€/kWh DC - 0,45€/kWh AC",0.5,ok
2025-09,Galicia,,150.0,DC,"0,50€/kWh",0.5,ok
2025-09,Galicia,,50.0,DC," 0,45€/kWh DC50kW/AC43kW - 0,39€/kWh 22kW AC",0.45,ok
2025-09,Galicia,,50.0,DC," 0,45€/kWh DC50kW/AC43kW - 0,39€/kWh 22kW AC",0.45,ok
2025-09,Galicia,,50.0,DC," 0,45€/kWh DC50kW/AC43kW - 0,39€/kWh 22kW AC",0.45,ok
2025-09,Galicia,,50.0,DC," 0,45€/kWh DC50kW/AC43kW - 0,39€/kWh 22kW AC",0.45,ok
2025-09,Galicia,,,," 0,45€/kWh DC50kW/AC43kW - 0,39€/kWh 22kW AC",0.45,ok
2025-09,Galicia,,50.0,DC,,,empty
2025-09,Galicia,,50.0,DC,,,empty
2025-09,Galicia,,100.0,DC,"0,54€/kWh DC - 0,36€/kWh AC",0.54,ok
2025-09,Galicia,,90.0,DC,"0,54€/kWh ",0.54,ok
2025-09,Galicia,,50.0,DC,0.47€/kWh ,0.47,ok
2025-09,Galicia,,50.0,DC,0.47€/kWh ,0.47,ok
2025-09,Galicia,,43.0,DC,0.47€/kWh ,0.47,ok
2025-09,Galicia,,22.0,AC,"0,25€/kWh ",0.25,ok
2025-09,Galicia,,22.0,AC,,,empty
2025-09,Galicia,,22.0,AC,"0,05€/min",,per_minute
2025-09,Galicia,,22.0,AC,,,no_kwh
2025-09,Galicia,,50.0,DC,,,no_kwh
2025-09,Galicia,,3.4,AC,"0,52€/kWh",0.52,ok
2025-09,Galicia,,22.0,AC,,,empty
2025-09,Galicia,,7.4,AC,,,empty
2025-09,Galicia,,360.0,DC,"0,55€/kWh DC ",0.55,ok
2025-09,Galicia,,360.0,DC,"0,55€/kWh DC ",0.55,ok
2025-09,Galicia,,22.0,AC,"0,47€/kWh",0.47,ok
2025-09,Galicia,,50.0,DC,"0,47€/kWh",0.47,ok
2025-09,Galicia,,50.0,DC,"0,47€/kWh",0.47,ok
2025-09,Galicia,,3.7,AC,,,empty
2025-09,Galicia,,22.0,AC,free,,free
2025-09,Galicia,,50.0,DC," 0,39€/kWh DC - 0,29€/kWh AC",0.39,ok
2025-09,Galicia,,43.0,DC," 0,39€/kWh DC - 0,29€/kWh AC",0.39,ok
2025-09,Galicia,,50.0,DC," 0,39€/kWh DC - 0,29€/kWh AC",0.39,ok
2025-09,Galicia,,22.0,AC,"0,25€/kWh",0.25,ok
2025-09,Galicia,,22.0,AC,,,no_kwh
2025-09,Galicia,,11.0,AC,,,empty
2025-09,Galicia,,7.4,AC,,,empty
2025-09,Galicia,,30.0,DC,,,no_kwh
2025-09,Galicia,,22.0,AC,,,no_kwh
2025-09,Galicia,,2.3,AC,,,no_kwh
2025-09,Galicia,,22.0,AC,,,empty
2025-09,Galicia,,22.0,AC,,,empty
2025-09,Galicia,,11.0,AC,,,empty
2025-09,Galicia,,50.0,DC,0.47€/kWh ,0.47,ok
2025-09,Galicia,,50.0,DC,0.47€/kWh ,0.47,ok
2025-09,Galicia,,43.0,DC,0.47€/kWh ,0.47,ok
2025-09,Galicia,,22.0,AC,,,no_kwh
2025-09,Galicia,,50.0,DC,"0,39€/kWh",0.39,ok
2025-09,Galicia,,50.0,DC,"0,39€/kWh",0.39,ok
2025-09,Galicia,,7.4,AC,,,empty
2025-09,Galicia,,11.0,AC,,,no_kwh
2025-09,Galicia,,25.0,DC,,,no_kwh
2025-09,Galicia,,150.0,DC,"0,54€/kWh",0.54,ok
2025-09,Galicia,,11.0,AC,,,empty
2025-09,Galicia,,3.7,AC,,,empty
2025-09,Galicia,,50.0,DC," 0,45€/kWh DC50kW/AC43kW - 0,39€/kWh 22kW AC",0.45,ok
2025-09,Galicia,,50.0,DC," 0,45€/kWh DC50kW/AC43kW - 0,39€/kWh 22kW AC",0.45,ok
2025-09,Galicia,,11.0,AC,,,no_kwh
2025-09,Galicia,,11.0,AC,,,no_kwh
2025-09,Galicia,,3.7,AC,,,no_kwh
2025-09,Galicia,,3.7,AC,,,no_kwh
2025-09,Galicia,,7.4,AC,,,no_kwh
2025-09,Galicia,,3.7,AC,Free.  Limited to 1 hour. Accessible during business hours,,free
2025-09,Galicia,,7.4,AC,"parking fee + 0,42€/kWh (0,01€/min parked without charging)",0.42,ok
2025-09,Galicia,,22.0,AC,"0,39€/kWh + parking fee",0.39,ok
2025-09,Galicia,,11.0,AC,"0,40€/kWh",0.4,ok
2025-09,Galicia,,120.0,DC,"0,40€/kWh DC - 0,30€/kWh AC  (1hour free parking)",0.4,ok
2025-09,Galicia,,80.0,DC,"0,40€/kWh DC - 0,30€/kWh AC  (1hour free parking)",0.4,ok
2025-09,Galicia,,22.0,AC,"0,40€/kWh DC - 0,30€/kWh AC  (1hour free parking)",0.4,ok
2025-09,Galicia,,11.0,AC,,,no_kwh
2025-09,Galicia,,3.7,AC,parking fee,,no_kwh
2025-09,Galicia,,22.0,AC,"0,55€/kWh DC- 0,39€/kWh AC + parking fee",0.55,ok
2025-09,Galicia,,120.0,DC,"0,55€/kWh DC- 0,39€/kWh AC + parking fee",0.55,ok
2025-09,Galicia,,50.0,DC,"0,47€/kWh",0.47,ok
2025-09,Galicia,,43.0,DC,"0,47€/kWh",0.47,ok
2025-09,Galicia,,50.0,DC,"0,47€/kWh",0.47,ok
2025-09,Galicia,,22.0,AC,,,empty
2025-09,Galicia,,43.0,DC,"0,20€/kWh ",0.2,ok
2025-09,Galicia,,50.0,DC,"0,20€/kWh ",0.2,ok
2025-09,Galicia,,50.0,DC,"0,20€/kWh ",0.2,ok
2025-09,Galicia,,50.0,DC,0.47€/kWh ,0.47,ok
2025-09,Galicia,,50.0,DC,0.47€/kWh ,0.47,ok
2025-09,Galicia,,43.0,DC,0.47€/kWh ,0.47,ok
2025-09,Galicia,,22.0,AC,,,empty
2025-09,Galicia,,22.0,AC,,,empty
2025-09,Galicia,,22.0,AC,,,empty
2025-09,Galicia,,7.4,AC,,,empty
2025-09,Galicia,,22.0,AC,,,empty
2025-09,Galicia,,50.0,DC," 0,39€/kWh DC - 0,29€/kWh AC",0.39,ok
2025-09,Galicia,,43.0,DC," 0,39€/kWh DC - 0,29€/kWh AC",0.39,ok
2025-09,Galicia,,50.0,DC," 0,39€/kWh DC - 0,29€/kWh AC",0.39,ok
2025-09,Galicia,,50.0,DC," 0,39€/kWh DC - 0,29€/kWh AC",0.39,ok
2025-09,Galicia,,43.0,DC," 0,39€/kWh DC - 0,29€/kWh AC",0.39,ok
2025-09,Galicia,,50.0,DC," 0,39€/kWh DC - 0,29€/kWh AC",0.39,ok
2025-09,Galicia,,22.0,AC,"0,25€/kWh ",0.25,ok
2025-09,Galicia,,3.7,AC,,,empty
2025-09,Galicia,,50.0,DC,0.47€/kWh ,0.47,ok
2025-09,Galicia,,50.0,DC,0.47€/kWh ,0.47,ok
2025-09,Galicia,,43.0,DC,0.47€/kWh ,0.47,ok
2025-09,Galicia,,7.4,AC,,,empty
2025-09,Galicia,,22.0,AC,,,empty
2025-09,Galicia,,22.0,AC,"0,30 €/kWh",0.3,ok
2025-09,Galicia,,25.0,DC,"0,30 €/kWh",0.3,ok
2025-09,Galicia,,25.0,DC,"0,30 €/kWh",0.3,ok
2025-09,Galicia,,11.0,AC,,,no_kwh
2025-09,Galicia,,22.2,DC,Gratis,,free
2025-09,Galicia,,22.2,DC,Gratis,,free
2025-09,Galicia,,22.2,DC,Gratis,,free
2025-09,Galicia,,22.2,DC,Gratis,,free
2025-09,Galicia,,11.0,AC,,,empty
2025-09,Galicia,,3.7,AC,,,empty
2025-09,Galicia,,50.0,DC,"0,36€/kWh",0.36,ok
2025-09,Galicia,,50.0,DC,"0,36€/kWh",0.36,ok
2025-09,Galicia,,22.0,AC,"0,36€/kWh",0.36,ok
2025-09,Galicia,,3.6,AC,,,empty
2025-09,Galicia,,2.3,AC,,,empty
2025-09,Galicia,,50.0,DC,0.47€/kWh ,0.47,ok
2025-09,Galicia,,50.0,DC,0.47€/kWh ,0.47,ok
2025-09,Galicia,,43.0,DC,0.47€/kWh ,0.47,ok
2025-09,Galicia,,22.0,AC,,,empty
2025-09,Galicia,,11.0,AC,"0,69€/kWh",0.69,ok
2025-09,Galicia,,11.0,AC,"0,56€/kWh",0.56,ok
2025-09,Galicia,,11.0,AC,,,empty
2025-09,Galicia,,150.0,DC,"0.50€/kWh >60kW - 0,39€/kWh DC - 0,32€/kWh AC",0.5,ok
2025-09,Galicia,,50.0,DC,"0.50€/kWh >60kW - 0,39€/kWh DC - 0,32€/kWh AC",0.5,ok
2025-09,Galicia,,22.0,AC,"0.50€/kWh >60kW - 0,39€/kWh DC - 0,32€/kWh AC",0.5,ok
2025-09,Galicia,,60.0,DC,"0,30€/kWh",0.3,ok
2025-09,Galicia,,22.0,AC,,,no_kwh
2025-09,Galicia,,180.0,DC,"0,55€/kWh DC ",0.55,ok
2025-09,Galicia,,180.0,DC,"0,55€/kWh DC ",0.55,ok
2025-09,Galicia,,50.0,DC,0.47€/kWh ,0.47,ok
2025-09,Galicia,,50.0,DC,0.47€/kWh ,0.47,ok
2025-09,Galicia,,43.0,DC,0.47€/kWh ,0.47,ok
2025-09,Galicia,,20.0,AC,0.55€/kWh,0.55,ok
2025-09,Galicia,,22.0,AC,"0,25€/kWh",0.25,ok
2025-09,Galicia,,150.0,DC,"0,43€/kWh",0.43,ok
2025-09,Galicia,,22.0,AC,"0,43€/kWh",0.43,ok
2025-09,Galicia,,100.0,DC,"0,54€/kWh DC - 0,38€/kWh AC",0.54,ok
2025-09,Galicia,,100.0,DC,"0,54€/kWh DC - 0,38€/kWh AC",0.54,ok
2025-09,Galicia,,180.0,DC,"0,54€/kWh 80-200kW - 0,45€/kWh ",0.54,ok
2025-09,Galicia,,22.0,AC,"0,39€/kWh 22kW AC",0.39,ok
2025-09,Galicia,,50.0,DC,0.47€/kWh ,0.47,ok
2025-09,Galicia,,50.0,DC,0.47€/kWh ,0.47,ok
2025-09,Galicia,,43.0,DC,0.47€/kWh ,0.47,ok
2025-09,Galicia,,50.0,DC,0.47€/kWh ,0.47,ok
2025-09,Galicia,,50.0,DC,0.47€/kWh ,0.47,ok
2025-09,Galicia,,43.0,DC,0.47€/kWh ,0.47,ok
2025-09,Galicia,,50.0,DC,"0,40€/kWh DC - 0,32€/kWh AC",0.4,ok
2025-09,Galicia,,7.4,AC,"0,40€/kWh DC - 0,32€/kWh AC",0.4,ok
2025-09,Galicia,,22.0,AC,"0,25€/kWh",0.25,ok
2025-09,Galicia,,22.0,AC,"0,50€/kWh",0.5,ok
2025-09,Galicia,,22.0,AC,"0,50€/kWh",0.5,ok
2025-09,Galicia,,22.0,AC,"0,50€/kWh",0.5,ok
2025-09,Galicia,,7.4,AC,,,empty
2025-09,Galicia,,22.0,AC,,,no_kwh
2025-09,Galicia,,22.0,AC,,,empty
2025-09,Galicia,,22.0,AC,,,empty
2025-09,Galicia,,50.0,DC,0.47€/kWh ,0.47,ok
2025-09,Galicia,,50.0,DC,0.47€/kWh ,0.47,ok
2025-09,Galicia,,43.0,DC,0.47€/kWh ,0.47,ok
2025-09,Galicia,,22.0,AC,"0,25€/kWh",0.25,ok
2025-09,Galicia,,50.0,DC,"0,46€/kWh",0.46,ok
2025-09,Galicia,,22.0,AC,"0,46€/kWh",0.46,ok
2025-09,Galicia,,50.0,DC,"0,46€/kWh",0.46,ok
2025-09,Galicia,,12.8,AC,Free,,free
2025-09,Galicia,,7.36,AC,Free,,free
2025-09,Galicia,,60.0,DC,"0,30€/kWh",0.3,ok
2025-09,Galicia,,100.0,DC,"0.50€/kWh >60kW - 0,39€/kWh DC - 0,32€/kWh AC",0.5,ok
2025-09,Galicia,,50.0,DC,"0,47€/kWh ",0.47,ok
2025-09,Galicia,,43.0,DC,"0,47€/kWh ",0.47,ok
2025-09,Galicia,,50.0,DC,"0,47€/kWh ",0.47,ok
2025-09,Galicia,,50.0,DC,"0,39€/kWh",0.39,ok
2025-09,Galicia,,50.0,DC,"0,39€/kWh",0.39,ok
2025-09,Galicia,,22.0,AC,,,no_kwh
2025-09,Galicia,,3.7,AC,,,no_kwh
2025-09,Galicia,,60.0,DC,,,no_kwh
2025-09,Galicia,,7.4,AC,,,no_kwh
2025-09,Galicia,,22.0,AC,"0,25€/kWh",0.25,ok
2025-09,Galicia,,60.0,DC,"0,45€/kWh",0.45,ok
2025-09,Galicia,,22.0,AC,"0,45€/kWh",0.45,ok
2025-09,Galicia,,22.0,AC,,,empty
2025-09,Galicia,,22.0,AC,"0,25€/kWh ",0.25,ok
2025-09,Galicia,,11.0,AC,,,no_kwh
2025-09,Galicia,,7.4,AC,,,empty
2025-09,Galicia,,11.0,AC,"0,39€/kWh AC",0.39,ok
2025-09,Galicia,,22.0,AC,,,empty
2025-09,Galicia,,3.6,AC,,,empty
2025-09,Galicia,,11.0,AC,,,empty
2025-09,Galicia,,22.0,AC,"0,39€/kWh + parking fee",0.39,ok
2025-09,Galicia,,22.0,AC,"0,39€/kWh",0.39,ok
2025-09,Galicia,,3.7,AC,free,,free
2025-09,Galicia,,50.0,DC,"0,45€/kWh 50kW  - 0,39€/kWh 22kW AC",0.45,ok
2025-09,Galicia,,50.0,DC,"0,45€/kWh 50kW  - 0,39€/kWh 22kW AC",0.45,ok
2025-09,Galicia,,22.0,AC,"0,45€/kWh 50kW  - 0,39€/kWh 22kW AC",0.45,ok
2025-09,Galicia,,11.0,AC,"0,30€",,no_kwh
2025-09,Galicia,,100.0,DC," 0,45€/kWh DC",0.45,ok
2025-09,Galicia,,50.0,DC,0.47€/kWh ,0.47,ok
2025-09,Galicia,,50.0,DC,0.47€/kWh ,0.47,ok
2025-09,Galicia,,43.0,DC,0.47€/kWh ,0.47,ok
2025-09,Galicia,,50.0,DC," 0,47€/kWh ",0.47,ok
2025-09,Galicia,,43.0,DC," 0,47€/kWh ",0.47,ok
2025-09,Galicia,,50.0,DC," 0,47€/kWh ",0.47,ok
2025-09,Galicia,,3.7,AC,,,empty
2025-09,Galicia,,22.0,AC,,,no_kwh
2025-09,Galicia,,60.0,DC,"0,30€/kWh",0.3,ok
2025-09,Galicia,,50.0,DC,Free,,free
2025-09,Galicia,,22.0,AC,,,empty
2025-09,Galicia,,22.0,AC,,,empty
2025-09,Galicia,,150.0,DC,"0,54€/kWh",0.54,ok
2025-09,Galicia,,22.0,AC,"0,40€/kWh",0.4,ok
2025-09,Galicia,,22.0,AC,"0,39€/kWh",0.39,ok
2025-09,Galicia,,60.0,DC,"0,40€/kWh",0.4,ok
2025-09,Galicia,,50.0,DC,"0,39€/kWh DC - 0,29€/kWh AC",0.39,ok
2025-09,Galicia,,50.0,DC,"0,39€/kWh DC - 0,29€/kWh AC",0.39,ok
2025-09,Galicia,,43.0,DC,"0,39€/kWh DC - 0,29€/kWh AC",0.39,ok
2025-09,Galicia,,3.7,AC,,,empty
2025-09,Galicia,,7.4,AC,,,empty
2025-09,Galicia,,3.7,AC,,,no_kwh
2025-09,Galicia,,7.4,AC,,,no_kwh
2025-09,Galicia,,7.4,AC,,,no_kwh
2025-09,Galicia,,22.0,AC,"0,60€/kWh DC - 0,44€/kWh AC",0.6,ok
2025-09,Galicia,,180.0,DC,"0,60€/kWh DC - 0,44€/kWh AC",0.6,ok
2025-09,Galicia,,22.0,AC,"0,32€/kWh AC",0.32,ok
2025-09,Galicia,,7.4,AC,,,empty
2025-09,Galicia,,22.0,AC,,,empty
2025-09,Galicia,,3.7,AC,,,empty
2025-09,Galicia,,90.0,DC,"0,39€/kWh DC - 0,32€/kWh AC",0.39,ok
2025-09,Galicia,,7.4,AC,"0,39€/kWh DC - 0,32€/kWh AC",0.39,ok
2025-09,Galicia,,22.0,AC,"0,40€/kWh",0.4,ok
2025-09,Galicia,,3.7,AC,,,empty
2025-09,Galicia,,11.0,AC,,,empty
2025-09,Galicia,,7.4,AC,"0,30€/kWh",0.3,ok
2025-09,Galicia,,100.0,DC,"0,54€/kWh ",0.54,ok
2025-09,Galicia,,50.0,DC," 0,47€/kWh ",0.47,ok
2025-09,Galicia,,43.0,DC," 0,47€/kWh ",0.47,ok
2025-09,Galicia,,50.0,DC," 0,47€/kWh ",0.47,ok
2025-09,Galicia,,150.0,DC,"0,55€/kWh DC ",0.55,ok
2025-09,Galicia,,50.0,DC," 0,39€/kWh DC - 0,29€/kWh AC",0.39,ok
2025-09,Galicia,,43.0,DC," 0,39€/kWh DC - 0,29€/kWh AC",0.39,ok
2025-09,Galicia,,50.0,DC," 0,39€/kWh DC - 0,29€/kWh AC",0.39,ok
2025-09,Galicia,,3.7,AC,Free.  Limited to 1 hour. Accessible during business hours,,free
2025-09,Galicia,,11.0,AC,,,empty
2025-09,Galicia,,3.7,AC,,,empty
2025-09,Galicia,,50.0,DC," 0,47€/kWh",0.47,ok
2025-09,Galicia,,43.0,DC," 0,47€/kWh",0.47,ok
2025-09,Galicia,,50.0,DC," 0,47€/kWh",0.47,ok
2025-09,Galicia,,3.7,AC,,,empty
2025-09,Galicia,,50.0,DC," 0,45€/kWh DC50kW/AC43kW - 0,39€/kWh 22kW AC",0.45,ok
2025-09,Galicia,,50.0,DC," 0,45€/kWh DC50kW/AC43kW - 0,39€/kWh 22kW AC",0.45,ok
2025-09,Galicia,,50.0,DC,0.50€/kWh,0.5,ok
2025-09,Galicia,,50.0,DC,0.50€/kWh,0.5,ok
2025-09,Galicia,,22.0,AC,0.50€/kWh,0.5,ok
2025-09,Galicia,,22.0,AC,,,no_kwh
2025-09,Galicia,,22.0,AC,"0,36€/kWh",0.36,ok
2025-09,Galicia,,22.0,AC,free,,free
2025-09,Galicia,,22.0,AC,,,no_kwh
2025-09,Galicia,,180.0,DC," 0,54€/kWh DC - 0,39€/kWh 22kW AC",0.54,ok
2025-09,Galicia,,22.0,AC," 0,54€/kWh DC - 0,39€/kWh 22kW AC",0.54,ok
2025-09,Galicia,,3.7,AC,,,no_kwh
2025-09,Galicia,,60.0,DC,"0,30€/kWh",0.3,ok
2025-09,Galicia,,120.0,DC,"0,60€/kWh",0.6,ok
2025-09,Galicia,,7.4,AC,,,no_kwh
2025-09,Galicia,,11.0,AC,,,no_kwh
2025-09,Galicia,,50.0,DC," 0,45€/kWh DC50kW/AC43kW - 0,39€/kWh 22kW AC",0.45,ok
2025-09,Galicia,,50.0,DC," 0,45€/kWh DC50kW/AC43kW - 0,39€/kWh 22kW AC",0.45,ok
2025-09,Galicia,,22.0,AC," 0,45€/kWh DC50kW/AC43kW - 0,39€/kWh 22kW AC",0.45,ok
2025-09,Galicia,,22.0,AC,,,no_kwh
2025-09,Galicia,,22.0,AC,"0,44€/kWh",0.44,ok
2025-09,Galicia,,2.3,AC,,,no_kwh
2025-09,Galicia,,22.0,AC,"0,39€/kWh",0.39,ok
2025-09,Galicia,,22.0,AC,"0,45€/kWh AC",0.45,ok
2025-09,Galicia,,50.0,DC,"0,47€/kWh",0.47,ok
2025-09,Galicia,,43.0,DC,"0,47€/kWh",0.47,ok
2025-09,Galicia,,50.0,DC,"0,47€/kWh",0.47,ok
2025-09,Galicia,,100.0,DC," 0,56€/kWh DC",0.56,ok
2025-09,Galicia,,50.0,DC," 0,45€/kWh DC50kW/AC43kW - 0,39€/kWh 22kW AC",0.45,ok
2025-09,Galicia,,50.0,DC," 0,45€/kWh DC50kW/AC43kW - 0,39€/kWh 22kW AC",0.45,ok
2025-09,Galicia,,22.0,AC," 0,45€/kWh DC50kW/AC43kW - 0,39€/kWh 22kW AC",0.45,ok
2025-09,Galicia,,3.7,AC,,,no_kwh
2025-09,Galicia,,22.0,AC,,,empty
2025-09,Galicia,,11.0,AC,,,empty
2025-09,Galicia,,60.0,DC,"0,49€/kWh DC - 0,39€/kWh AC ",0.49,ok
2025-09,Galicia,,22.0,AC,"0,49€/kWh DC - 0,39€/kWh AC ",0.49,ok
2025-09,Galicia,,50.0,DC,0.47€/kWh ,0.47,ok
2025-09,Galicia,,50.0,DC,0.47€/kWh ,0.47,ok
2025-09,Galicia,,43.0,DC,0.47€/kWh ,0.47,ok
2025-09,Galicia,,22.0,AC,,,no_kwh
2025-09,Galicia,,3.7,AC,,,empty
2025-09,Galicia,,22.0,AC,0.45€/kWh ,0.45,ok
2025-09,Galicia,,50.0,DC,"0,45€/kWh",0.45,ok
2025-09,Galicia,,50.0,DC,"0,45€/kWh",0.45,ok
2025-09,Galicia,,43.0,DC,"0,45€/kWh",0.45,ok
2025-09,Galicia,,22.0,AC,"0,25€/kWh",0.25,ok
2025-09,Galicia,,3.7,AC,"0,25€/kWh",0.25,ok
2025-09,Galicia,,50.0,DC," 0,47€/kWh DC - 0,35€/kWh AC ",0.47,ok
2025-09,Galicia,,50.0,DC," 0,47€/kWh DC - 0,35€/kWh AC ",0.47,ok
2025-09,Galicia,,43.0,DC," 0,47€/kWh DC - 0,35€/kWh AC ",0.47,ok
2025-09,Galicia,,7.4,AC,"0,39€/kWh",0.39,ok
2025-09,Galicia,,50.0,DC,"0,47€/kWh",0.47,ok
2025-09,Galicia,,43.0,DC,"0,47€/kWh",0.47,ok
2025-09,Galicia,,50.0,DC,"0,47€/kWh",0.47,ok
2025-09,Galicia,,22.0,AC,"0,25€/kWh",0.25,ok
2025-09,Galicia,,7.4,AC,"0,40€/kWh AC ",0.4,ok
2025-09,Galicia,,22.0,AC,"0,40€/kWh AC ",0.4,ok
2025-09,Galicia,,5.75,AC,,,no_kwh
2025-09,Galicia,,722.0,DC,,,no_kwh
2025-09,Galicia,,22.0,AC,,,no_kwh
2025-09,Galicia,,50.0,DC,"0,45€/kWh ",0.45,ok
2025-09,Galicia,,50.0,DC,"0,45€/kWh ",0.45,ok
2025-09,Galicia,,50.0,DC,"0,47€/kWh",0.47,ok
2025-09,Galicia,,50.0,DC,"0,47€/kWh",0.47,ok
2025-09,Galicia,,43.0,DC,"0,47€/kWh",0.47,ok
2025-09,Galicia,,22.0,AC,"0,39€/kWh AC + parking fee",0.39,ok
2025-09,Galicia,,11.0,AC,,,no_kwh
2025-09,Galicia,,150.0,DC," 0,55€/kWh DC - 0,35€/kWh AC",0.55,ok
2025-09,Galicia,,11.0,AC," 0,55€/kWh DC - 0,35€/kWh AC",0.55,ok
2025-09,Galicia,,7.4,AC,,,empty
2025-09,Galicia,,7.4,AC,,,no_kwh
2025-09,Galicia,,3.7,AC,,,no_kwh
2025-09,Galicia,,11.0,AC,free,,free
2025-09,Galicia,,50.0,DC," 0,39€/kWh DC - 0,29€/kWh AC",0.39,ok
2025-09,Galicia,,43.0,DC," 0,39€/kWh DC - 0,29€/kWh AC",0.39,ok
2025-09,Galicia,,50.0,DC," 0,39€/kWh DC - 0,29€/kWh AC",0.39,ok
2025-09,Galicia,,11.0,AC,,,no_kwh
2025-09,Galicia,,60.0,DC,"0,45€/kWh DC- 0,39€/kWh AC",0.45,ok
2025-09,Galicia,,22.0,AC,,,empty
2025-09,Galicia,,11.0,AC,,,empty
2025-09,Galicia,,22.0,AC,,,empty
2025-09,Galicia,,22.0,AC,"0,39€/kWh",0.39,ok
2025-09,Galicia,,11.0,AC,"0,58€/kWh",0.58,ok
2025-09,Galicia,,11.0,AC,"0,58€/kWh",0.58,ok
2025-09,Galicia,,22.0,AC,"0,58€/kWh",0.58,ok
2025-09,Galicia,,3.7,AC,,,no_kwh
2025-09,Galicia,,50.0,DC,"0,47€/kWh",0.47,ok
2025-09,Galicia,,43.0,DC,"0,47€/kWh",0.47,ok
2025-09,Galicia,,50.0,DC,"0,47€/kWh",0.47,ok
2025-09,Galicia,,22.0,AC,,,no_kwh
2025-09,Galicia,,22.0,AC,,,no_kwh
2025-09,Galicia,,50.0,DC," 0,39€/kWh DC - 0,29€/kWh AC",0.39,ok
2025-09,Galicia,,43.0,DC," 0,39€/kWh DC - 0,29€/kWh AC",0.39,ok
2025-09,Galicia,,50.0,DC," 0,39€/kWh DC - 0,29€/kWh AC",0.39,ok
2025-09,Galicia,,180.0,DC,"0,54€/kWh",0.54,ok
2025-09,Galicia,,22.0,AC,,,no_kwh
2025-09,Galicia,,180.0,DC,"0,58€/kWh DC >60kW (0,40€/min parked without charging)",0.58,ok
2025-09,Galicia,,50.0,DC,,,no_kwh
2025-09,Galicia,,50.0,DC,,,no_kwh
2025-09,Galicia,,22.0,AC,,,no_kwh
2025-09,Galicia,,50.0,DC,"0,39€/kWh DC - 0,29€/kWh AC",0.39,ok
2025-09,Galicia,,50.0,DC,"0,39€/kWh DC - 0,29€/kWh AC",0.39,ok
2025-09,Galicia,,43.0,DC,"0,39€/kWh DC - 0,29€/kWh AC",0.39,ok
2025-09,Galicia,,22.0,AC,Free,,free
2025-09,Galicia,,11.0,AC,Free,,free
2025-09,Galicia,,22.0,AC,"0,39€/kWh",0.39,ok
2025-09,Galicia,,50.0,DC,0.47€/kWh ,0.47,ok
2025-09,Galicia,,50.0,DC,0.47€/kWh ,0.47,ok
2025-09,Galicia,,43.0,DC,0.47€/kWh ,0.47,ok
2025-09,Galicia,,3.7,AC,,,empty
2025-09,Galicia,,50.0,DC,"0,45€/kWh",0.45,ok
2025-09,Galicia,,50.0,DC,"0,45€/kWh",0.45,ok
2025-09,Galicia,,43.0,DC,"0,45€/kWh",0.45,ok
2025-09,Galicia,,50.0,DC,"0,45€/kWh DC - 0,39€/kWh AC",0.45,ok
2025-09,Galicia,,50.0,DC,"0,45€/kWh DC - 0,39€/kWh AC",0.45,ok
2025-09,Galicia,,43.0,DC,"0,45€/kWh DC - 0,39€/kWh AC",0.45,ok
2025-09,Galicia,,100.0,DC,0.35,,no_kwh
2025-09,Galicia,,22.0,AC,,,empty
2025-09,Galicia,,22.0,AC,,,empty
2025-09,Galicia,,11.0,AC,,,empty
2025-09,Galicia,,3.7,AC,,,empty
2025-09,Galicia,,7.36,AC,"0,42€/kWh (0,05€/min parked without charging)",0.42,ok
2025-09,Galicia,,22.0,AC,"0,36€/kWh",0.36,ok
2025-09,Galicia,,100.0,DC,"100kW: 0,56€/kWh 100kW, 50kW:  0,42€/kWh, AC: 0,38€/kWh",0.56,ok
2025-09,Galicia,,50.0,DC,"100kW: 0,56€/kWh 100kW, 50kW:  0,42€/kWh, AC: 0,38€/kWh",0.56,ok
2025-09,Galicia,,22.0,AC,"100kW: 0,56€/kWh 100kW, 50kW:  0,42€/kWh, AC: 0,38€/kWh",0.56,ok
2025-09,Galicia,,22.0,AC,,,no_kwh
2025-09,Galicia,,250.0,DC,,,empty
2025-09,Galicia,,50.0,DC,"0,45€/kWh - 0,39€/kWh 22kW AC",0.45,ok
2025-09,Galicia,,50.0,DC,"0,45€/kWh - 0,39€/kWh 22kW AC",0.45,ok
2025-09,Galicia,,43.0,DC,"0,45€/kWh - 0,39€/kWh 22kW AC",0.45,ok
2025-09,Galicia,,110.0,DC,"0.50€/kWh >60kW - 0,39€/kWh DC - 0,32€/kWh AC",0.5,ok
2025-09,Galicia,,50.0,DC,"0.50€/kWh >60kW - 0,39€/kWh DC - 0,32€/kWh AC",0.5,ok
2025-09,Galicia,,22.0,AC,"0.50€/kWh >60kW - 0,39€/kWh DC - 0,32€/kWh AC",0.5,ok
2025-09,Galicia,,22.0,AC,"0,40€/kWh DC - 0,35€/kWh AC",0.4,ok
2025-09,Galicia,,50.0,DC,"0,40€/kWh DC - 0,35€/kWh AC",0.4,ok
2025-09,Galicia,,50.0,DC,"0,40€/kWh DC - 0,35€/kWh AC",0.4,ok
2025-09,Galicia,,50.0,DC,0.47€/kWh ,0.47,ok
2025-09,Galicia,,50.0,DC,0.47€/kWh ,0.47,ok
2025-09,Galicia,,43.0,DC,0.47€/kWh ,0.47,ok
2025-09,Galicia,,100.0,DC,"0,54€/kWh DC - 0,36€/kWh AC",0.54,ok
2025-09,Galicia,,22.0,AC,"0,54€/kWh DC - 0,36€/kWh AC",0.54,ok
2025-09,Galicia,,3.7,AC,,,empty
2025-09,Galicia,,22.0,AC,"0,58€/kWh",0.58,ok
2025-09,Galicia,,11.0,AC,,,no_kwh
2025-09,Galicia,,7.4,AC,,,empty
2025-09,Galicia,,22.0,AC,,,no_kwh
2025-09,Galicia,,50.0,DC,"0,45€/kWh ",0.45,ok
2025-09,Galicia,,50.0,DC,"0,45€/kWh ",0.45,ok
2025-09,Galicia,,400.0,DC,"0,69-0,60 €/kWh DC",0.6,ok
2025-09,Galicia,,50.0,DC,"0,45€/kWh 50kW  - 0,39€/kWh 22kW AC",0.45,ok
2025-09,Galicia,,22.0,AC,"0,45€/kWh 50kW  - 0,39€/kWh 22kW AC",0.45,ok
2025-09,Galicia,,50.0,DC,"0,45€/kWh 50kW  - 0,39€/kWh 22kW AC",0.45,ok
2025-09,Galicia,,7.4,AC,"0,39€/kWh",0.39,ok
2025-09,Galicia,,11.0,AC,20€,,no_kwh
2025-09,Galicia,,150.0,DC,"0,55€/kWh",0.55,ok
2025-09,Galicia,,360.0,DC,"0,55€/kWh",0.55,ok
2025-09,Galicia,,50.0,DC,"0,48€/kWh DC/AC43kW (0,14€/min parked without charging)",0.48,ok
2025-09,Galicia,,50.0,DC,"0,48€/kWh DC/AC43kW (0,14€/min parked without charging)",0.48,ok
2025-09,Galicia,,43.0,DC,"0,48€/kWh DC/AC43kW (0,14€/min parked without charging)",0.48,ok
2025-09,Galicia,,7.2,AC,"0,42€/kWh (0,05€/min parked without charging)",0.42,ok
2025-09,Galicia,,100.0,DC,"0.50€/kWh >60kW - 0,39€/kWh DC - 0,32€/kWh AC",0.5,ok
2025-09,Galicia,,50.0,DC,"0.50€/kWh >60kW - 0,39€/kWh DC - 0,32€/kWh AC",0.5,ok
2025-09,Galicia,,22.0,AC,"0.50€/kWh >60kW - 0,39€/kWh DC - 0,32€/kWh AC",0.5,ok
2025-09,Galicia,,7.36,AC,"0,42€/kWh (0,05€/min parked without charging)",0.42,ok
2025-09,Galicia,,11.0,AC,,,empty
2025-09,Galicia,,7.36,AC,"0,42€/kWh (0,05€/min parked without charging)",0.42,ok
2025-09,Galicia,,100.0,DC,"0.50€/kWh >60kW - 0,39€/kWh DC - 0,32€/kWh AC",0.5,ok
2025-09,Galicia,,50.0,DC,"0.50€/kWh >60kW - 0,39€/kWh DC - 0,32€/kWh AC",0.5,ok
2025-09,Galicia,,22.0,AC,"0.50€/kWh >60kW - 0,39€/kWh DC - 0,32€/kWh AC",0.5,ok
2025-09,Galicia,,3.7,AC,Free,,free
2025-09,Galicia,,100.0,DC,"0,60 €/kWh DC - 0,39€/kWh AC",0.6,ok
2025-09,Galicia,,80.0,DC,"0,60 €/kWh DC - 0,39€/kWh AC",0.6,ok
2025-09,Galicia,,350.0,DC,"0,65€/kWh (or subscription rates) ",0.65,ok
2025-09,Galicia,,50.0,DC,0.47€/kWh ,0.47,ok
2025-09,Galicia,,50.0,DC,0.47€/kWh ,0.47,ok
2025-09,Galicia,,43.0,DC,0.47€/kWh ,0.47,ok
2025-09,Galicia,,180.0,DC,"0,69€/kWh >200kW - 0,54€/kWh 80-200kW ",0.69,ok
2025-09,Galicia,,360.0,DC,"0,69€/kWh >200kW - 0,54€/kWh 80-200kW ",0.69,ok
2025-09,Galicia,,80.0,DC,"0,69€/kWh >200kW - 0,54€/kWh 80-200kW ",0.69,ok
2025-09,Galicia,,22.0,AC,,,no_kwh
2025-09,Galicia,,7.4,AC,,,no_kwh
2025-09,Galicia,,11.0,AC,,,no_kwh
2025-09,Galicia,,50.0,DC,"0,50€/kWh DC - 0,45€/kWh AC",0.5,ok
2025-09,Galicia,,50.0,DC,"0,50€/kWh DC - 0,45€/kWh AC",0.5,ok
2025-09,Galicia,,22.0,AC,"0,50€/kWh DC - 0,45€/kWh AC",0.5,ok
2025-09,Galicia,,50.0,DC,"0,45€/kWh - 0,39€/kWh 22kW AC",0.45,ok
2025-09,Galicia,,50.0,DC,"0,45€/kWh - 0,39€/kWh 22kW AC",0.45,ok
2025-09,Galicia,,22.0,AC,"0,25€/kWh 22kW AC ",0.25,ok
2025-09,Galicia,,22.0,AC,"0,25€/kWh 22kW AC ",0.25,ok
2025-09,Galicia,,50.0,DC,"0,35€/kWh DC 50kW - 0,25€/kWh AC 22kW",0.35,ok
2025-09,Galicia,,50.0,DC,"0,35€/kWh DC 50kW - 0,25€/kWh AC 22kW",0.35,ok
2025-09,Galicia,,22.0,AC,"0,35€/kWh DC 50kW - 0,25€/kWh AC 22kW",0.35,ok
2025-09,Galicia,,50.0,DC,0.47€/kWh ,0.47,ok
2025-09,Galicia,,50.0,DC,0.47€/kWh ,0.47,ok
2025-09,Galicia,,43.0,DC,0.47€/kWh ,0.47,ok
2025-09,Galicia,,50.0,DC,"0,47€/kWh",0.47,ok
2025-09,Galicia,,43.0,DC,"0,47€/kWh",0.47,ok
2025-09,Galicia,,50.0,DC,"0,47€/kWh",0.47,ok
2025-09,Galicia,,50.0,DC,"0,43€/kWh DC - 0,36€/kWh AC",0.43,ok
2025-09,Galicia,,22.0,AC,,,empty
2025-09,Galicia,,11.0,AC,,,empty
2025-09,Galicia,,7.36,AC,"0,42€/kWh (0,05€/min parked without charging)",0.42,ok
2025-09,Galicia,,22.0,AC,,,no_kwh
2025-09,Galicia,,250.0,DC,"0,55€/kWh DC ",0.55,ok
2025-09,Galicia,,250.0,DC,"0,55€/kWh DC ",0.55,ok
2025-09,Galicia,,22.0,AC,"0,22€/kWh",0.22,ok
2025-09,Galicia,,100.0,DC,"0,54€/kWh DC - 0,36€/kWh AC",0.54,ok
2025-09,Galicia,,22.0,AC,"0,54€/kWh DC - 0,36€/kWh AC",0.54,ok
2025-09,Galicia,,50.0,DC,"0,39€/kWh DC - 0,29€/kWh AC",0.39,ok
2025-09,Galicia,,43.0,DC,"0,39€/kWh DC - 0,29€/kWh AC",0.39,ok
2025-09,Galicia,,50.0,DC,"0,39€/kWh DC - 0,29€/kWh AC",0.39,ok
2025-09,Galicia,,60.0,DC,,,no_kwh
2025-09,Galicia,,120.0,DC,"0,45€/kWh DC",0.45,ok
2025-09,Galicia,,30.0,DC,"0,45€/kWh DC",0.45,ok
2025-09,Galicia,,30.0,DC,"0,45€/kWh DC",0.45,ok
2025-09,Galicia,,350.0,DC,"0,65€/kWh (or subscription rates) ",0.65,ok
2025-09,Galicia,,350.0,DC,"0,65€/kWh (or subscription rates) ",0.65,ok
2025-09,Galicia,,50.0,DC,0.47€/kWh ,0.47,ok
2025-09,Galicia,,50.0,DC,0.47€/kWh ,0.47,ok
2025-09,Galicia,,43.0,DC,0.47€/kWh ,0.47,ok
2025-09,Galicia,,25.0,DC,,,empty
2025-09,Galicia,,50.0,DC,"0,45€/kWh ",0.45,ok
2025-09,Galicia,,50.0,DC,"0,45€/kWh ",0.45,ok
2025-09,Galicia,,43.0,DC,"0,45€/kWh ",0.45,ok
2025-09,Galicia,,11.0,AC,free,,free
2025-09,Galicia,,50.0,DC," 0,45€/kWh ",0.45,ok
2025-09,Galicia,,50.0,DC," 0,45€/kWh ",0.45,ok
2025-09,Galicia,,7.4,AC,,,no_kwh
2025-09,Galicia,,22.0,AC,,,empty
2025-09,Galicia,,100.0,DC,"0,54€/kWh DC - 0,36€/kWh AC",0.54,ok
2025-09,Galicia,,22.0,AC,"0,54€/kWh DC - 0,36€/kWh AC",0.54,ok
2025-09,Galicia,,150.0,DC,"0,54€/kWh 80-200kW - 0,45€/kWh DC50kW - 0,39€/kWh 22kW AC",0.54,ok
2025-09,Galicia,,50.0,DC,"0,54€/kWh 80-200kW - 0,45€/kWh DC50kW - 0,39€/kWh 22kW AC",0.54,ok
2025-09,Galicia,,50.0,DC,"0,54€/kWh 80-200kW - 0,45€/kWh DC50kW - 0,39€/kWh 22kW AC",0.54,ok
2025-09,Galicia,,22.0,AC,"0,54€/kWh 80-200kW - 0,45€/kWh DC50kW - 0,39€/kWh 22kW AC",0.54,ok
2025-09,Galicia,,3.7,AC,,,no_kwh
2025-09,Galicia,,3.7,AC,,,no_kwh
2025-09,Galicia,,60.0,DC,"0,30€/kWh",0.3,ok
2025-09,Galicia,,50.0,DC,0.47€/kWh ,0.47,ok
2025-09,Galicia,,50.0,DC,0.47€/kWh ,0.47,ok
2025-09,Galicia,,43.0,DC,0.47€/kWh ,0.47,ok
2025-09,Galicia,,250.0,DC,,,no_kwh
2025-09,Galicia,,50.0,DC,"0,45€/kWh",0.45,ok
2025-09,Galicia,,50.0,DC,"0,45€/kWh",0.45,ok
2025-09,Galicia,,43.0,DC,"0,45€/kWh",0.45,ok
2025-09,Galicia,,11.0,AC,,,empty
2025-09,Galicia,,11.0,AC,,,empty
2025-09,Galicia,,22.0,AC,"0,25€/kWh ",0.25,ok
2025-09,Galicia,,22.0,AC,,,empty
2025-09,Galicia,,22.0,AC,"0,50€/kW",,no_kwh
2025-09,Galicia,,11.0,AC,,,empty
2025-09,Galicia,,22.0,AC,,,empty
2025-09,Galicia,,7.4,AC,"0,40€/kWh",0.4,ok
2025-09,Galicia,,22.0,AC,"0,25€/kWh",0.25,ok
2025-09,Galicia,,22.0,AC,,,no_kwh
2025-09,Galicia,,100.0,DC,"0,54€/kWh DC - 0,36€/kWh AC",0.54,ok
2025-09,Galicia,,3.7,AC,,,empty
2025-09,Galicia,,180.0,DC,"0,54€/kWh 80-200kW ",0.54,ok
2025-09,Galicia,,180.0,DC,"0,54€/kWh 80-200kW ",0.54,ok
2025-09,Galicia,,22.0,AC,,,empty
2025-09,Galicia,,22.0,AC,"0,48€/kWh DC/AC43kW - 0,38€/kWh AC - (0,14€/min DC / 0,03€/min AC parked without charging)",0.48,ok
2025-09,Galicia,,60.0,DC,"0,48€/kWh DC/AC43kW - 0,38€/kWh AC - (0,14€/min DC / 0,03€/min AC parked without charging)",0.48,ok
2025-09,Galicia,,3.7,AC,,,no_kwh
2025-09,Galicia,,50.0,DC,0.47€/kWh ,0.47,ok
2025-09,Galicia,,50.0,DC,0.47€/kWh ,0.47,ok
2025-09,Galicia,,43.0,DC,0.47€/kWh ,0.47,ok
2025-09,Galicia,,180.0,DC,"0,58€/kWh DC >60kW (0,40€/min parked without charging)",0.58,ok
2025-09,Galicia,,22.0,AC,"0,25€/kWh",0.25,ok
2025-09,Galicia,,50.0,DC,0.47€/kWh ,0.47,ok
2025-09,Galicia,,50.0,DC,0.47€/kWh ,0.47,ok
2025-09,Galicia,,43.0,DC,0.47€/kWh ,0.47,ok
2025-09,Galicia,,100.0,DC,"0.50€/kWh >60kW - 0,39€/kWh DC - 0,32€/kWh AC",0.5,ok
2025-09,Galicia,,50.0,DC,"0.50€/kWh >60kW - 0,39€/kWh DC - 0,32€/kWh AC",0.5,ok
2025-09,Galicia,,22.0,AC,"0.50€/kWh >60kW - 0,39€/kWh DC - 0,32€/kWh AC",0.5,ok
2025-09,Galicia,,150.0,DC,"0,54€/kWh ",0.54,ok
2025-09,Galicia,,43.0,DC,"0,50€/kWh DC - 0,45€/kWh AC",0.5,ok
2025-09,Galicia,,50.0,DC,"0,50€/kWh DC - 0,45€/kWh AC",0.5,ok
2025-09,Galicia,,50.0,DC,0.47€/kWh ,0.47,ok
2025-09,Galicia,,50.0,DC,0.47€/kWh ,0.47,ok
2025-09,Galicia,,43.0,DC,0.47€/kWh ,0.47,ok
2025-09,Galicia,,180.0,DC,"0,58€/kWh DC >60kW (0,40€/min parked without charging)",0.58,ok
2025-09,Galicia,,50.0,DC,"0,39€/kWh",0.39,ok
2025-09,Galicia,,50.0,DC,"0,39€/kWh",0.39,ok
2025-09,Galicia,,50.0,DC,0.47€/kWh ,0.47,ok
2025-09,Galicia,,50.0,DC,0.47€/kWh ,0.47,ok
2025-09,Galicia,,43.0,DC,0.47€/kWh ,0.47,ok
2025-09,Galicia,,120.0,DC,"0,54€/kWh DC - 0,39€/kWh 22kW AC",0.54,ok
2025-09,Galicia,,22.0,AC,"0,54€/kWh DC - 0,39€/kWh 22kW AC",0.54,ok
2025-09,Galicia,,120.0,DC,"0,53€/kWh",0.53,ok
2025-09,Galicia,,150.0,DC,"0,54€/kWh 80-200kW - 0,45€/kWh 50kW  - 0,39€/kWh 22kW AC",0.54,ok
2025-09,Galicia,,80.0,DC,"0,54€/kWh 80-200kW - 0,45€/kWh 50kW  - 0,39€/kWh 22kW AC",0.54,ok
2025-09,Galicia,,50.0,DC,"0,54€/kWh 80-200kW - 0,45€/kWh 50kW  - 0,39€/kWh 22kW AC",0.54,ok
2025-09,Galicia,,50.0,DC,"0,54€/kWh 80-200kW - 0,45€/kWh 50kW  - 0,39€/kWh 22kW AC",0.54,ok
2025-09,Galicia,,22.0,AC,"0,54€/kWh 80-200kW - 0,45€/kWh 50kW  - 0,39€/kWh 22kW AC",0.54,ok
2025-09,Galicia,,22.0,AC,"0,35€/kWh",0.35,ok
2025-09,Galicia,,22.0,AC,,,no_kwh
2025-09,Galicia,,120.0,DC,"0,54€/kWh DC ",0.54,ok
2025-09,Galicia,,50.0,DC,"0,47€/kWh",0.47,ok
2025-09,Galicia,,50.0,DC,"0,47€/kWh",0.47,ok
2025-09,Galicia,,43.0,DC,"0,47€/kWh",0.47,ok
2025-09,Galicia,,50.0,DC,"0,47€/kWh",0.47,ok
2025-09,Galicia,,43.0,DC,"0,47€/kWh",0.47,ok
2025-09,Galicia,,50.0,DC,"0,47€/kWh",0.47,ok
2025-09,Galicia,,60.0,DC,"0,30€/kWh",0.3,ok
2025-09,Galicia,,22.0,AC,"0,25€/kWh",0.25,ok
2025-09,Galicia,,17.0,AC,,,empty
2025-09,Galicia,,11.0,AC,,,empty
2025-09,Galicia,,50.0,DC,"0,48€/kWh DC - 0,41€/kWh AC",0.48,ok
2025-09,Galicia,,50.0,DC,"0,48€/kWh DC - 0,41€/kWh AC",0.48,ok
2025-09,Galicia,,22.0,AC,"0,48€/kWh DC - 0,41€/kWh AC",0.48,ok
2025-09,Galicia,,22.0,AC,,,no_kwh
2025-09,Galicia,,3.7,AC,,,no_kwh
2025-09,Galicia,,11.0,AC,,,empty
2025-09,Galicia,,100.0,DC,"0.50€/kWh >60kW - 0,39€/kWh DC - 0,32€/kWh AC",0.5,ok
2025-09,Galicia,,50.0,DC,"0.50€/kWh >60kW - 0,39€/kWh DC - 0,32€/kWh AC",0.5,ok
2025-09,Galicia,,22.0,AC,"0.50€/kWh >60kW - 0,39€/kWh DC - 0,32€/kWh AC",0.5,ok
2025-09,Galicia,,3.7,AC,,,no_kwh
2025-09,Galicia,,100.0,DC,"0,54€/kWh ",0.54,ok
2025-09,Galicia,,22.0,AC,"0,58€/kWh",0.58,ok
2025-09,Galicia,,22.0,AC,"0,58€/kWh",0.58,ok
2025-09,Galicia,,50.0,DC,"0,50€/kWh DC - 0,45€/kWh AC",0.5,ok
2025-09,Galicia,,50.0,DC,"0,50€/kWh DC - 0,45€/kWh AC",0.5,ok
2025-09,Galicia,,22.0,AC,"0,50€/kWh DC - 0,45€/kWh AC",0.5,ok
2025-09,Galicia,,3.7,AC,,,empty
2025-09,Galicia,,3.7,AC,,,empty
2025-09,Galicia,,3.7,AC,,,empty
2025-09,Galicia,,60.0,DC," 0,55€/kWh DC - 0,35€/kWh AC ",0.55,ok
2025-09,Galicia,,50.0,DC,0.45€/kWh ,0.45,ok
2025-09,Galicia,,50.0,DC,0.45€/kWh ,0.45,ok
2025-09,Galicia,,22.0,AC,0.45€/kWh ,0.45,ok
2025-09,Galicia,,11.0,AC,"0,25€/kWh",0.25,ok
2025-09,Galicia,,50.0,DC," 0,39€/kWh DC - 0,29€/kWh AC",0.39,ok
2025-09,Galicia,,43.0,DC," 0,39€/kWh DC - 0,29€/kWh AC",0.39,ok
2025-09,Galicia,,50.0,DC," 0,39€/kWh DC - 0,29€/kWh AC",0.39,ok
2025-09,Galicia,,22.0,AC,"0,25€/kWh",0.25,ok
2025-09,Galicia,,3.7,AC,,,empty
2025-09,Galicia,,250.0,DC,,,empty
2025-09,Galicia,,300.0,DC," 0,55€/kWh DC >80kW  - 0,42€/kWh DC 50kW",0.55,ok
2025-09,Galicia,,50.0,DC," 0,55€/kWh DC >80kW  - 0,42€/kWh DC 50kW",0.55,ok
2025-09,Galicia,,50.0,DC," 0,55€/kWh DC >80kW  - 0,42€/kWh DC 50kW",0.55,ok
2025-09,Galicia,,60.0,DC,"0,45€/kWh ",0.45,ok
2025-09,Galicia,,22.0,AC,"0,45€/kWh ",0.45,ok
2025-09,Galicia,,60.0,DC,"0,45€/kWh ",0.45,ok
2025-09,Galicia,,22.0,AC,"0,25€/kWh",0.25,ok
2025-09,Galicia,,3.7,AC,"0,25€/kWh",0.25,ok
2025-09,Galicia,,7.4,AC,"0,25€/kWh",0.25,ok
2025-09,Galicia,,2.3,AC,"0,25€/kWh",0.25,ok
2025-09,Galicia,,22.0,AC,"0,30€/kWh",0.3,ok
2025-09,Galicia,,22.0,AC,"0,30€/kWh",0.3,ok
2025-09,Galicia,,100.0,DC," 0,50€/kWh DC, AC: 0,32€/kWh",0.5,ok
2025-09,Galicia,,50.0,DC," 0,50€/kWh DC, AC: 0,32€/kWh",0.5,ok
2025-09,Galicia,,22.0,AC," 0,50€/kWh DC, AC: 0,32€/kWh",0.5,ok
2025-09,Galicia,,22.0,AC,,,empty
2025-09,Galicia,,11.0,AC,,,empty
2025-09,Galicia,,3.7,AC,,,empty
2025-09,Galicia,,22.0,AC,"0,30€/kWh",0.3,ok
2025-09,Galicia,,11.0,AC,,,no_kwh
2025-09,Galicia,,3.7,AC,,,empty
2025-09,Galicia,,7.4,AC,,,empty
2025-09,Galicia,,22.0,AC,"0,39€/kWh",0.39,ok
2025-09,Galicia,,100.0,DC,"0,54€/kWh DC - 0,35€/kWh AC",0.54,ok
2025-09,Galicia,,22.0,AC,"0,54€/kWh DC - 0,35€/kWh AC",0.54,ok
2025-09,Galicia,,50.0,DC,0.47€/kWh ,0.47,ok
2025-09,Galicia,,50.0,DC,0.47€/kWh ,0.47,ok
2025-09,Galicia,,43.0,DC,0.47€/kWh ,0.47,ok
2025-09,Galicia,,50.0,DC," 0,39€/kWh DC - 0,29€/kWh AC",0.39,ok
2025-09,Galicia,,43.0,DC," 0,39€/kWh DC - 0,29€/kWh AC",0.39,ok
2025-09,Galicia,,50.0,DC," 0,39€/kWh DC - 0,29€/kWh AC",0.39,ok
2025-09,Galicia,,400.0,DC,"0,69 €/kWh DC - 0,45€/kWh DC 50kW",0.69,ok
2025-09,Galicia,,50.0,DC,"0,69 €/kWh DC - 0,45€/kWh DC 50kW",0.69,ok
2025-09,Galicia,,43.0,DC,"0,47€/kWh ",0.47,ok
2025-09,Galicia,,50.0,DC,"0,47€/kWh ",0.47,ok
2025-09,Galicia,,50.0,DC,"0,47€/kWh ",0.47,ok
2025-09,Galicia,,100.0,DC,"0,54€/kWh ",0.54,ok
2025-09,Galicia,,50.0,DC,0.47€/kWh ,0.47,ok
2025-09,Galicia,,50.0,DC,0.47€/kWh ,0.47,ok
2025-09,Galicia,,43.0,DC,0.47€/kWh ,0.47,ok
2025-09,Galicia,,3.7,AC,free,,free
2025-09,Galicia,,300.0,DC,"0,55€/kWh",0.55,ok
2025-09,Galicia,,250.0,DC,,,empty
2025-09,Galicia,,50.0,DC,0.47€/kWh ,0.47,ok
2025-09,Galicia,,50.0,DC,0.47€/kWh ,0.47,ok
2025-09,Galicia,,43.0,DC,0.47€/kWh ,0.47,ok
2025-09,Galicia,,50.0,DC,"0,43€/kWh DC ",0.43,ok
2025-09,Galicia,,50.0,DC,"0,43€/kWh DC ",0.43,ok
2025-09,Galicia,,50.0,DC,"0,47€/kWh ",0.47,ok
2025-09,Galicia,,43.0,DC,"0,47€/kWh ",0.47,ok
2025-09,Galicia,,50.0,DC,"0,47€/kWh ",0.47,ok
2025-09,Galicia,,100.0,DC,"0,60€/kWh Dc - 0,40€/kWh AC",0.6,ok
2025-09,Galicia,,22.0,AC,"0,60€/kWh Dc - 0,40€/kWh AC",0.6,ok
2025-09,Galicia,,50.0,DC,"0,47€/kWh ",0.47,ok
2025-09,Galicia,,50.0,DC,"0,47€/kWh ",0.47,ok
2025-09,Galicia,,43.0,DC,"0,47€/kWh ",0.47,ok
2025-09,Galicia,,3.7,AC,Free.  Limited to 1 hour. Accessible during business hours,,free
2025-09,Galicia,,50.0,DC," 0,47€/kWh ",0.47,ok
2025-09,Galicia,,43.0,DC," 0,47€/kWh ",0.47,ok
2025-09,Galicia,,50.0,DC," 0,47€/kWh ",0.47,ok
2025-09,Galicia,,22.0,AC,,,empty
